-- MySQL dump 10.13  Distrib 8.0.38, for Win64 (x86_64)
--
-- Host: 127.0.0.1    Database: shopmall
-- ------------------------------------------------------
-- Server version	9.1.0

/*!40101 SET @OLD_CHARACTER_SET_CLIENT=@@CHARACTER_SET_CLIENT */;
/*!40101 SET @OLD_CHARACTER_SET_RESULTS=@@CHARACTER_SET_RESULTS */;
/*!40101 SET @OLD_COLLATION_CONNECTION=@@COLLATION_CONNECTION */;
/*!50503 SET NAMES utf8 */;
/*!40103 SET @OLD_TIME_ZONE=@@TIME_ZONE */;
/*!40103 SET TIME_ZONE='+00:00' */;
/*!40014 SET @OLD_UNIQUE_CHECKS=@@UNIQUE_CHECKS, UNIQUE_CHECKS=0 */;
/*!40014 SET @OLD_FOREIGN_KEY_CHECKS=@@FOREIGN_KEY_CHECKS, FOREIGN_KEY_CHECKS=0 */;
/*!40101 SET @OLD_SQL_MODE=@@SQL_MODE, SQL_MODE='NO_AUTO_VALUE_ON_ZERO' */;
/*!40111 SET @OLD_SQL_NOTES=@@SQL_NOTES, SQL_NOTES=0 */;

--
-- Table structure for table `order_details`
--

DROP TABLE IF EXISTS `order_details`;
/*!40101 SET @saved_cs_client     = @@character_set_client */;
/*!50503 SET character_set_client = utf8mb4 */;
CREATE TABLE `order_details` (
  `id` int NOT NULL AUTO_INCREMENT,
  `order_id` int NOT NULL,
  `product_id` int NOT NULL,
  `quantity` int NOT NULL,
  `price` int NOT NULL,
  PRIMARY KEY (`id`),
  KEY `order_id` (`order_id`),
  KEY `product_id` (`product_id`),
  CONSTRAINT `order_details_ibfk_1` FOREIGN KEY (`order_id`) REFERENCES `orders` (`id`) ON DELETE CASCADE,
  CONSTRAINT `order_details_ibfk_2` FOREIGN KEY (`product_id`) REFERENCES `products` (`id`)
) ENGINE=InnoDB AUTO_INCREMENT=16 DEFAULT CHARSET=utf8mb4 COLLATE=utf8mb4_0900_ai_ci;
/*!40101 SET character_set_client = @saved_cs_client */;

--
-- Dumping data for table `order_details`
--

LOCK TABLES `order_details` WRITE;
/*!40000 ALTER TABLE `order_details` DISABLE KEYS */;
INSERT INTO `order_details` VALUES (1,1,2,1,200000),(2,2,2,1,200000),(3,3,2,1,200000),(4,4,2,1,200000),(5,5,2,1,200000),(6,6,2,1,200000),(7,7,2,1,200000),(8,8,2,1,200000),(9,9,1,1,46000),(10,10,1,1,46000),(11,10,2,1,200000),(12,11,2,1,200000),(13,12,2,2,200000),(14,13,3,1,250000),(15,13,6,1,700000);
/*!40000 ALTER TABLE `order_details` ENABLE KEYS */;
UNLOCK TABLES;

--
-- Table structure for table `orders`
--

DROP TABLE IF EXISTS `orders`;
/*!40101 SET @saved_cs_client     = @@character_set_client */;
/*!50503 SET character_set_client = utf8mb4 */;
CREATE TABLE `orders` (
  `id` int NOT NULL AUTO_INCREMENT,
  `user_id` int NOT NULL,
  `address` text,
  `phone` varchar(20) DEFAULT NULL,
  `order_date` datetime DEFAULT CURRENT_TIMESTAMP,
  `status` enum('pending','completed','cancelled') DEFAULT 'pending',
  `delivery_status` enum('pending','shipped','delivered') DEFAULT 'pending',
  `cancel_reason` enum('change_of_mind','wrong_purchase','add_more_items','other') DEFAULT NULL,
  `is_cancelled_by_admin` tinyint(1) DEFAULT '0',
  PRIMARY KEY (`id`),
  KEY `user_id` (`user_id`),
  CONSTRAINT `orders_ibfk_1` FOREIGN KEY (`user_id`) REFERENCES `users` (`uid`)
) ENGINE=InnoDB AUTO_INCREMENT=14 DEFAULT CHARSET=utf8mb4 COLLATE=utf8mb4_0900_ai_ci;
/*!40101 SET character_set_client = @saved_cs_client */;

--
-- Dumping data for table `orders`
--

LOCK TABLES `orders` WRITE;
/*!40000 ALTER TABLE `orders` DISABLE KEYS */;
INSERT INTO `orders` VALUES (1,2,'우리집','01080114777','2024-12-06 01:56:45','completed','pending',NULL,0),(2,2,'우리집','01080114777','2024-12-06 01:59:27','completed','pending',NULL,0),(3,2,'우리집','01080114777','2024-12-06 02:01:21','completed','pending',NULL,0),(4,2,'우리집','01080114777','2024-12-06 02:02:49','completed','pending',NULL,0),(5,2,'우리집','01080114777','2024-12-06 02:03:54','completed','pending',NULL,0),(6,2,'우리집','01080114777','2024-12-06 02:04:51','completed','pending',NULL,0),(7,2,'우리집','01080114777','2024-12-06 02:07:01','cancelled','pending','add_more_items',1),(8,3,'창원시 웅천서로 82번길 5-3','01080118888','2024-12-06 11:46:53','completed','pending',NULL,0),(9,3,'창원시 웅천서로 82번길 5-3','01080118888','2024-12-06 11:52:18','cancelled','pending','other',1),(10,3,'창원시 웅천서로 82번길 5-3','01080118888','2024-12-06 13:24:49','completed','delivered',NULL,0),(11,2,'우리집','01080114777','2024-12-08 23:48:56','cancelled','pending','add_more_items',1),(12,3,'경남 창원시 진해구 웅천서로82번길 5-3','01080118888','2024-12-11 03:56:03','cancelled','pending','wrong_purchase',0),(13,3,'경남 창원시 의창구 창원대학로 20','01080118888','2024-12-14 05:19:51','completed','delivered',NULL,0);
/*!40000 ALTER TABLE `orders` ENABLE KEYS */;
UNLOCK TABLES;

--
-- Table structure for table `payments`
--

DROP TABLE IF EXISTS `payments`;
/*!40101 SET @saved_cs_client     = @@character_set_client */;
/*!50503 SET character_set_client = utf8mb4 */;
CREATE TABLE `payments` (
  `id` int NOT NULL AUTO_INCREMENT,
  `order_id` int DEFAULT NULL,
  `payment_method` varchar(50) NOT NULL,
  `payment_info` varchar(255) DEFAULT NULL,
  `payment_price` int NOT NULL,
  `payment_date` datetime DEFAULT CURRENT_TIMESTAMP,
  PRIMARY KEY (`id`),
  KEY `order_id` (`order_id`),
  CONSTRAINT `payments_ibfk_1` FOREIGN KEY (`order_id`) REFERENCES `orders` (`id`) ON DELETE CASCADE
) ENGINE=InnoDB AUTO_INCREMENT=14 DEFAULT CHARSET=utf8mb4 COLLATE=utf8mb4_0900_ai_ci;
/*!40101 SET character_set_client = @saved_cs_client */;

--
-- Dumping data for table `payments`
--

LOCK TABLES `payments` WRITE;
/*!40000 ALTER TABLE `payments` DISABLE KEYS */;
INSERT INTO `payments` VALUES (1,1,'card','',200000,'2024-12-06 01:56:45'),(2,2,'card','',200000,'2024-12-06 01:59:29'),(3,3,'card','',200000,'2024-12-06 02:01:21'),(4,4,'card','',200000,'2024-12-06 02:02:49'),(5,5,'card','',200000,'2024-12-06 02:03:54'),(6,6,'card','',200000,'2024-12-06 02:04:51'),(7,7,'card','',200000,'2024-12-06 02:07:01'),(8,8,'card','5125',200000,'2024-12-06 11:46:53'),(9,9,'card','',46000,'2024-12-06 11:52:18'),(10,10,'card','5125',246000,'2024-12-06 13:24:49'),(11,11,'card','12345',200000,'2024-12-08 23:48:56'),(12,12,'card','',400000,'2024-12-11 03:56:03'),(13,13,'card','1111',950000,'2024-12-14 05:19:51');
/*!40000 ALTER TABLE `payments` ENABLE KEYS */;
UNLOCK TABLES;

--
-- Table structure for table `product_images`
--

DROP TABLE IF EXISTS `product_images`;
/*!40101 SET @saved_cs_client     = @@character_set_client */;
/*!50503 SET character_set_client = utf8mb4 */;
CREATE TABLE `product_images` (
  `id` int NOT NULL AUTO_INCREMENT,
  `product_id` int NOT NULL,
  `file_path` varchar(255) NOT NULL,
  `img_url` varchar(255) DEFAULT NULL,
  `is_thumbnail` tinyint(1) DEFAULT '0',
  PRIMARY KEY (`id`),
  KEY `product_id` (`product_id`),
  CONSTRAINT `product_images_ibfk_1` FOREIGN KEY (`product_id`) REFERENCES `products` (`id`)
) ENGINE=InnoDB AUTO_INCREMENT=148 DEFAULT CHARSET=utf8mb4 COLLATE=utf8mb4_0900_ai_ci;
/*!40101 SET character_set_client = @saved_cs_client */;

--
-- Dumping data for table `product_images`
--

LOCK TABLES `product_images` WRITE;
/*!40000 ALTER TABLE `product_images` DISABLE KEYS */;
INSERT INTO `product_images` VALUES (1,1,'/uploads/products/1/u7-pro.png',NULL,1),(2,1,'/uploads/products/1/u7-pro-2.png',NULL,0),(3,1,'/uploads/products/1/u7-pro-3.png',NULL,0),(4,1,'/uploads/products/1/u7-pro-4.png',NULL,0),(5,1,'/uploads/products/1/u7-pro-5.png',NULL,0),(6,1,'/uploads/products/1/u7-pro-6.png',NULL,0),(7,2,'/uploads/products/2/u7-pro-wall-1.png',NULL,1),(8,2,'/uploads/products/2/u7-pro-wall-2.png',NULL,0),(9,2,'/uploads/products/2/u7-pro-wall-3.png',NULL,0),(10,2,'/uploads/products/2/u7-pro-wall-4.png',NULL,0),(11,2,'/uploads/products/2/u7-pro-wall-5.png',NULL,0),(12,2,'/uploads/products/2/u7-pro-wall-6.png',NULL,0),(13,2,'/uploads/products/2/u7-pro-wall-7.png',NULL,0),(14,2,'/uploads/products/2/u7-pro-wall-8.png',NULL,0),(15,3,'/uploads/products/3/udr-1.png',NULL,1),(16,3,'/uploads/products/3/udr-2.png',NULL,0),(17,3,'/uploads/products/3/udr-3.png',NULL,0),(18,3,'/uploads/products/3/udr-4.png',NULL,0),(19,3,'/uploads/products/3/udr-5.png',NULL,0),(20,4,'/uploads/products/4/ux-1.png',NULL,1),(21,4,'/uploads/products/4/ux-2.png',NULL,0),(22,4,'/uploads/products/4/ux-3.png',NULL,0),(23,4,'/uploads/products/4/ux-4.png',NULL,0),(24,4,'/uploads/products/4/ux-5.png',NULL,0),(25,4,'/uploads/products/4/ux-6.png',NULL,0),(26,4,'/uploads/products/4/ux-7.png',NULL,0),(27,5,'/uploads/products/5/ucg-max-1.png',NULL,1),(28,5,'/uploads/products/5/ucg-max-2.png',NULL,0),(29,5,'/uploads/products/5/ucg-max-3.png',NULL,0),(30,5,'/uploads/products/5/ucg-max-4.png',NULL,0),(31,5,'/uploads/products/5/ucg-max-5.png',NULL,0),(32,5,'/uploads/products/5/ucg-max-6.png',NULL,0),(33,6,'/uploads/products/6/udm-pro-max-1.png',NULL,1),(34,6,'/uploads/products/6/udm-pro-max-2.png',NULL,0),(35,6,'/uploads/products/6/udm-pro-max-3.png',NULL,0),(36,6,'/uploads/products/6/udm-pro-max-4.png',NULL,0),(37,6,'/uploads/products/6/udm-pro-max-5.png',NULL,0),(38,6,'/uploads/products/6/udm-pro-max-6.png',NULL,0),(39,6,'/uploads/products/6/udm-pro-max-7.png',NULL,0),(40,7,'/uploads/products/7/efg-1.png',NULL,1),(41,7,'/uploads/products/7/efg-2.png',NULL,0),(42,7,'/uploads/products/7/efg-3.png',NULL,0),(43,7,'/uploads/products/7/efg-4.png',NULL,0),(44,7,'/uploads/products/7/efg-5.png',NULL,0),(45,7,'/uploads/products/7/efg-6.png',NULL,0),(46,8,'/uploads/products/8/usw-flex-2-5g-5-1.png',NULL,1),(47,8,'/uploads/products/8/usw-flex-2-5g-5-2.png',NULL,0),(48,8,'/uploads/products/8/usw-flex-2-5g-5-3.png',NULL,0),(49,8,'/uploads/products/8/usw-flex-2-5g-5-4.png',NULL,0),(50,8,'/uploads/products/8/usw-flex-2-5g-5-5.png',NULL,0),(51,8,'/uploads/products/8/usw-flex-2-5g-5-6.png',NULL,0),(52,9,'/uploads/products/9/usw-lite-16-poe-1.png',NULL,1),(53,9,'/uploads/products/9/usw-lite-16-poe-2.png',NULL,0),(54,9,'/uploads/products/9/usw-lite-16-poe-3.png',NULL,0),(55,9,'/uploads/products/9/usw-lite-16-poe-4.png',NULL,0),(56,10,'/uploads/products/10/usw-ultra-210w-1.png',NULL,1),(57,10,'/uploads/products/10/usw-ultra-210w-2.png',NULL,0),(58,10,'/uploads/products/10/usw-ultra-210w-3.png',NULL,0),(59,10,'/uploads/products/10/usw-ultra-210w-4.png',NULL,0),(60,10,'/uploads/products/10/usw-ultra-210w-5.png',NULL,0),(61,10,'/uploads/products/10/usw-ultra-210w-6.png',NULL,0),(62,10,'/uploads/products/10/usw-ultra-210w-7.png',NULL,0),(63,11,'/uploads/products/11/usw-enterprise-8-poe-1.png',NULL,1),(64,11,'/uploads/products/11/usw-enterprise-8-poe-2.png',NULL,0),(65,11,'/uploads/products/11/usw-enterprise-8-poe-3.png',NULL,0),(66,11,'/uploads/products/11/usw-enterprise-8-poe-4.png',NULL,0),(67,11,'/uploads/products/11/usw-enterprise-8-poe-5.png',NULL,0),(68,11,'/uploads/products/11/usw-enterprise-8-poe-6.png',NULL,0),(69,12,'/uploads/products/12/usw-24-poe-1.png',NULL,1),(70,12,'/uploads/products/12/usw-24-poe-2.png',NULL,0),(71,12,'/uploads/products/12/usw-24-poe-3.png',NULL,0),(72,12,'/uploads/products/12/usw-24-poe-4.png',NULL,0),(73,12,'/uploads/products/12/usw-24-poe-5.png',NULL,0),(74,12,'/uploads/products/12/usw-24-poe-6.png',NULL,0),(75,13,'/uploads/products/13/ecs-48-poe-1.png',NULL,1),(76,13,'/uploads/products/13/ecs-48-poe-2.png',NULL,0),(77,13,'/uploads/products/13/ecs-48-poe-3.png',NULL,0),(78,13,'/uploads/products/13/ecs-48-poe-4.png',NULL,0),(79,13,'/uploads/products/13/ecs-48-poe-5.png',NULL,0),(80,13,'/uploads/products/13/ecs-48-poe-6.png',NULL,0),(81,13,'/uploads/products/13/ecs-48-poe-7.png',NULL,0),(82,13,'/uploads/products/13/ecs-48-poe-8.png',NULL,0),(83,14,'/uploads/products/14/ecs-48-poe-1.png',NULL,1),(84,14,'/uploads/products/14/ecs-48-poe-2.png',NULL,0),(85,14,'/uploads/products/14/ecs-48-poe-3.png',NULL,0),(86,14,'/uploads/products/14/ecs-48-poe-4.png',NULL,0),(87,14,'/uploads/products/14/ecs-48-poe-5.png',NULL,0),(88,14,'/uploads/products/14/ecs-48-poe-6.png',NULL,0),(89,14,'/uploads/products/14/ecs-48-poe-7.png',NULL,0),(90,14,'/uploads/products/14/ecs-48-poe-8.png',NULL,0),(91,15,'/uploads/products/15/u7-outdoor-1.png',NULL,1),(92,15,'/uploads/products/15/u7-outdoor-2.png',NULL,0),(93,15,'/uploads/products/15/u7-outdoor-3.png',NULL,0),(94,15,'/uploads/products/15/u7-outdoor-4.png',NULL,0),(95,15,'/uploads/products/15/u7-outdoor-5.png',NULL,0),(96,15,'/uploads/products/15/u7-outdoor-6.png',NULL,0),(97,15,'/uploads/products/15/u7-outdoor-9.png',NULL,0),(98,15,'/uploads/products/15/u7-outdoor-10.png',NULL,0),(99,16,'/uploads/products/16/e7-campus-us-1.png',NULL,1),(100,16,'/uploads/products/16/e7-campus-us-2.png',NULL,0),(101,16,'/uploads/products/16/e7-campus-us-3.png',NULL,0),(102,16,'/uploads/products/16/e7-campus-us-4.png',NULL,0),(103,16,'/uploads/products/16/e7-campus-us-5.png',NULL,0),(104,16,'/uploads/products/16/e7-campus-us-6.png',NULL,0),(105,16,'/uploads/products/16/e7-campus-us-11.png',NULL,0),(106,16,'/uploads/products/16/e7-campus-us-16.png',NULL,0),(107,17,'/uploads/products/17/e7-audience-us-1.png',NULL,1),(108,17,'/uploads/products/17/e7-audience-us-2.png',NULL,0),(109,17,'/uploads/products/17/e7-audience-us-3.png',NULL,0),(110,17,'/uploads/products/17/e7-audience-us-4.png',NULL,0),(111,17,'/uploads/products/17/e7-audience-us-5.png',NULL,0),(112,17,'/uploads/products/17/e7-audience-us-6.png',NULL,0),(113,17,'/uploads/products/17/e7-audience-us-7.png',NULL,0),(114,18,'/uploads/products/18/ubb-1.png',NULL,1),(115,18,'/uploads/products/18/ubb-2.png',NULL,0),(116,18,'/uploads/products/18/ubb-3.png',NULL,0),(117,18,'/uploads/products/18/ubb-4.png',NULL,0),(118,18,'/uploads/products/18/ubb-5.png',NULL,0),(119,18,'/uploads/products/18/ubb-6.png',NULL,0),(120,18,'/uploads/products/18/ubb-7.png',NULL,0),(121,19,'/uploads/products/19/u6-mesh-1.png',NULL,1),(122,19,'/uploads/products/19/u6-mesh-2.png',NULL,0),(123,19,'/uploads/products/19/u6-mesh-3.png',NULL,0),(124,19,'/uploads/products/19/u6-mesh-4.png',NULL,0),(125,19,'/uploads/products/19/u6-mesh-5.png',NULL,0),(126,20,'/uploads/products/20/unifi-ethernet-patch-cable-with-bendable-booted-rj45-1.png',NULL,1),(127,20,'/uploads/products/20/unifi-ethernet-patch-cable-with-bendable-booted-rj45-2.png',NULL,0),(128,20,'/uploads/products/20/unifi-ethernet-patch-cable-with-bendable-booted-rj45-3.png',NULL,0),(129,20,'/uploads/products/20/unifi-ethernet-patch-cable-with-bendable-booted-rj45-4.png',NULL,0),(130,21,'/uploads/products/21/unifi-patch-cable-outdoor-1.png',NULL,1),(131,21,'/uploads/products/21/unifi-patch-cable-outdoor-2.png',NULL,0),(132,21,'/uploads/products/21/unifi-patch-cable-outdoor-3.png',NULL,0),(133,21,'/uploads/products/21/unifi-patch-cable-outdoor-4.png',NULL,0),(134,21,'/uploads/products/21/unifi-patch-cable-outdoor-5.png',NULL,0),(135,21,'/uploads/products/21/unifi-patch-cable-outdoor-6.png',NULL,0),(136,22,'/uploads/products/22/uacc-cable-patch-el-c6a-1.png',NULL,1),(137,22,'/uploads/products/22/uacc-cable-patch-el-c6a-2.png',NULL,0),(138,22,'/uploads/products/22/uacc-cable-patch-el-c6a-3.png',NULL,0),(139,22,'/uploads/products/22/uacc-cable-patch-el-c6a-4.png',NULL,0),(140,22,'/uploads/products/22/uacc-cable-patch-el-c6a-5.png',NULL,0),(141,22,'/uploads/products/22/uacc-cable-patch-el-c6a-6.png',NULL,0),(142,23,'/uploads/products/23/uacc-lre-1.png',NULL,1),(143,23,'/uploads/products/23/uacc-lre-2.png',NULL,0),(144,23,'/uploads/products/23/uacc-lre-3.png',NULL,0),(145,23,'/uploads/products/23/uacc-lre-4.png',NULL,0),(146,23,'/uploads/products/23/uacc-lre-5.png',NULL,0),(147,23,'/uploads/products/23/uacc-lre-6.png',NULL,0);
/*!40000 ALTER TABLE `product_images` ENABLE KEYS */;
UNLOCK TABLES;

--
-- Table structure for table `product_reviews`
--

DROP TABLE IF EXISTS `product_reviews`;
/*!40101 SET @saved_cs_client     = @@character_set_client */;
/*!50503 SET character_set_client = utf8mb4 */;
CREATE TABLE `product_reviews` (
  `id` int NOT NULL AUTO_INCREMENT,
  `product_id` int NOT NULL,
  `user_id` int NOT NULL,
  `rate` int NOT NULL,
  `content` text NOT NULL,
  `image_path` varchar(255) DEFAULT NULL,
  `created_at` datetime DEFAULT CURRENT_TIMESTAMP,
  PRIMARY KEY (`id`),
  KEY `product_id` (`product_id`),
  KEY `user_id` (`user_id`),
  CONSTRAINT `product_reviews_ibfk_1` FOREIGN KEY (`product_id`) REFERENCES `products` (`id`) ON DELETE CASCADE,
  CONSTRAINT `product_reviews_ibfk_2` FOREIGN KEY (`user_id`) REFERENCES `users` (`uid`) ON DELETE CASCADE
) ENGINE=InnoDB AUTO_INCREMENT=4 DEFAULT CHARSET=utf8mb4 COLLATE=utf8mb4_0900_ai_ci;
/*!40101 SET character_set_client = @saved_cs_client */;

--
-- Dumping data for table `product_reviews`
--

LOCK TABLES `product_reviews` WRITE;
/*!40000 ALTER TABLE `product_reviews` DISABLE KEYS */;
INSERT INTO `product_reviews` VALUES (1,1,3,5,'좋은상품이네요',NULL,'2024-12-12 04:33:22'),(2,2,3,5,'잘 썼습니다!',NULL,'2024-12-12 04:37:42'),(3,6,3,5,'성능이 정말 좋습니다',NULL,'2024-12-14 21:47:05');
/*!40000 ALTER TABLE `product_reviews` ENABLE KEYS */;
UNLOCK TABLES;

--
-- Table structure for table `products`
--

DROP TABLE IF EXISTS `products`;
/*!40101 SET @saved_cs_client     = @@character_set_client */;
/*!50503 SET character_set_client = utf8mb4 */;
CREATE TABLE `products` (
  `id` int NOT NULL AUTO_INCREMENT,
  `name` varchar(255) COLLATE utf8mb4_general_ci NOT NULL,
  `price` decimal(10,0) NOT NULL,
  `category` varchar(100) COLLATE utf8mb4_general_ci DEFAULT NULL,
  `description` mediumtext COLLATE utf8mb4_general_ci,
  PRIMARY KEY (`id`)
) ENGINE=InnoDB AUTO_INCREMENT=24 DEFAULT CHARSET=utf8mb4 COLLATE=utf8mb4_general_ci;
/*!40101 SET character_set_client = @saved_cs_client */;

--
-- Dumping data for table `products`
--

LOCK TABLES `products` WRITE;
/*!40000 ALTER TABLE `products` DISABLE KEYS */;
INSERT INTO `products` VALUES (1,'U7 Pro',200000,'wifi','<div class=\"product-description mt-5\">\r\n    <h3 class=\"text-primary mb-4\">기계적 사양</h3>\r\n    <table class=\"table table-bordered table-striped\">\r\n        <tbody>\r\n            <tr>\r\n                <th scope=\"row\">크기</th>\r\n                <td>Ø206 x 46 mm (Ø8.1 x 1.8\")</td>\r\n            </tr>\r\n            <tr>\r\n                <th scope=\"row\">무게</th>\r\n                <td>680 g (1.5 lb)</td>\r\n            </tr>\r\n            <tr>\r\n                <th scope=\"row\">재질</th>\r\n                <td>폴리카보네이트, 금속</td>\r\n            </tr>\r\n            <tr>\r\n                <th scope=\"row\">설치 재질</th>\r\n                <td>스테인리스 스틸 (SUS304), 아연도금강 (SGCC)</td>\r\n            </tr>\r\n        </tbody>\r\n    </table>\r\n    <h3 class=\"text-primary mb-4\">하드웨어</h3>\r\n    <table class=\"table table-bordered table-striped\">\r\n        <tbody>\r\n            <tr>\r\n                <th scope=\"row\">네트워킹 인터페이스</th>\r\n                <td>(1) 1/2.5 GbE RJ45 포트</td>\r\n            </tr>\r\n            <tr>\r\n                <th scope=\"row\">관리 인터페이스</th>\r\n                <td>이더넷</td>\r\n            </tr>\r\n            <tr>\r\n                <th scope=\"row\">전원 방식</th>\r\n                <td>PoE+</td>\r\n            </tr>\r\n            <tr>\r\n                <th scope=\"row\">전원 공급</th>\r\n                <td>UniFi PoE 스위치</td>\r\n            </tr>\r\n            <tr>\r\n                <th scope=\"row\">지원 전압 범위</th>\r\n                <td>44—57V DC</td>\r\n            </tr>\r\n            <tr>\r\n                <th scope=\"row\">최대 전력 소비량</th>\r\n                <td>21W</td>\r\n            </tr>\r\n            <tr>\r\n                <th scope=\"row\">최대 전송 출력</th>\r\n                <td>\r\n                    <ul class=\"list-unstyled mb-0\">\r\n                        <li>2.4 GHz: 23 dBm</li>\r\n                        <li>5 GHz: 26 dBm</li>\r\n                        <li>6 GHz: 23 dBm</li>\r\n                    </ul>\r\n                </td>\r\n            </tr>\r\n            <tr>\r\n                <th scope=\"row\">MIMO</th>\r\n                <td>\r\n                    <ul class=\"list-unstyled mb-0\">\r\n                        <li>2.4 GHz: 2 x 2 (DL/UL MU-MIMO)</li>\r\n                        <li>5 GHz: 2 x 2 (DL/UL MU-MIMO)</li>\r\n                        <li>6 GHz: 2 x 2 (DL/UL MU-MIMO)</li>\r\n                    </ul>\r\n                </td>\r\n            </tr>\r\n            <tr>\r\n                <th scope=\"row\">최대 데이터 속도</th>\r\n                <td>\r\n                    <ul class=\"list-unstyled mb-0\">\r\n                        <li>2.4 GHz: 688 Mbps (BW40)</li>\r\n                        <li>5 GHz: 4.3 Gbps (BW240)</li>\r\n                        <li>6 GHz: 5.7 Gbps (BW320)</li>\r\n                    </ul>\r\n                </td>\r\n            </tr>\r\n            <tr>\r\n                <th scope=\"row\">안테나 이득</th>\r\n                <td>\r\n                    <ul class=\"list-unstyled mb-0\">\r\n                        <li>2.4 GHz: 4 dBi</li>\r\n                        <li>5 GHz: 6 dBi</li>\r\n                        <li>6 GHz: 5.8 dBi</li>\r\n                    </ul>\r\n                </td>\r\n            </tr>\r\n            <tr>\r\n                <th scope=\"row\">LED</th>\r\n                <td>흰색/파란색</td>\r\n            </tr>\r\n            <tr>\r\n                <th scope=\"row\">버튼</th>\r\n                <td>공장 초기화</td>\r\n            </tr>\r\n            <tr>\r\n                <th scope=\"row\">설치 방식</th>\r\n                <td>벽/천장 (포함됨)</td>\r\n            </tr>\r\n            <tr>\r\n                <th scope=\"row\">작동 온도</th>\r\n                <td>-30 ~ 60° C (-22 ~ 140° F)</td>\r\n            </tr>\r\n            <tr>\r\n                <th scope=\"row\">작동 습도</th>\r\n                <td>5 ~ 95% 비응축</td>\r\n            </tr>\r\n            <tr>\r\n                <th scope=\"row\">인증</th>\r\n                <td>CE, FCC, IC</td>\r\n            </tr>\r\n        </tbody>\r\n    </table>\r\n    <h3 class=\"text-primary mb-4\">소프트웨어</h3>\r\n    <table class=\"table table-bordered table-striped\">\r\n        <tbody>\r\n            <tr>\r\n                <th scope=\"row\">WiFi 표준</th>\r\n                <td>802.11a/b/g/n/ac/ax/be (WiFi 6/6E, WiFi 7)</td>\r\n            </tr>\r\n            <tr>\r\n                <th scope=\"row\">무선 보안</th>\r\n                <td>WPA-PSK, WPA-Enterprise (WPA/WPA2/WPA3/PPSK)</td>\r\n            </tr>\r\n            <tr>\r\n                <th scope=\"row\">BSSID</th>\r\n                <td>라디오당 8개</td>\r\n            </tr>\r\n            <tr>\r\n                <th scope=\"row\">VLAN</th>\r\n                <td>802.1Q</td>\r\n            </tr>\r\n            <tr>\r\n                <th scope=\"row\">고급 QoS</th>\r\n                <td>사용자별 속도 제한</td>\r\n            </tr>\r\n            <tr>\r\n                <th scope=\"row\">게스트 트래픽 분리</th>\r\n                <td>지원됨</td>\r\n            </tr>\r\n            <tr>\r\n                <th scope=\"row\">동시 연결 클라이언트</th>\r\n                <td>300+</td>\r\n            </tr>\r\n            <tr>\r\n                <th scope=\"row\">지원 데이터 속도</th>\r\n                <td>\r\n                    <ul class=\"list-unstyled mb-0\">\r\n                        <li>802.11a: 6, 9, 12, 18, 24, 36, 48, 54 Mbps</li>\r\n                        <li>802.11b: 1, 2, 5.5, 11 Mbps</li>\r\n                        <li>802.11g: 6, 9, 12, 18, 24, 36, 48, 54 Mbps</li>\r\n                        <li>802.11n: 6.5 Mbps ~ 300 Mbps (MCS0 - MCS15, HT 20/40)</li>\r\n                        <li>802.11ac: 6.5 Mbps ~ 1.7 Gbps (MCS0 - MCS9 NSS1/2, VHT 20/40/80/160)</li>\r\n                        <li>802.11ax (WiFi 6/6E): 7.3 Mbps ~ 2.4 Gbps (MCS0 - MCS11 NSS1/2, HE 20/40/80/160)</li>\r\n                        <li>802.11be (WiFi 7): 7.3 Mbps ~ 5.7 Gbps (MCS0 - MCS13 NSS1/2, EHT 20/40/80/160/240/320)</li>\r\n                    </ul>\r\n                </td>\r\n            </tr>\r\n        </tbody>\r\n    </table>\r\n    <h3 class=\"text-primary mb-4\">애플리케이션 요구사항</h3>\r\n    <table class=\"table table-bordered table-striped\">\r\n        <tbody>\r\n            <tr>\r\n                <th scope=\"row\">UniFi Network</th>\r\n                <td>버전 8.0.26 이상</td>\r\n            </tr>\r\n            <tr>\r\n                <th scope=\"row\">UniFi OS</th>\r\n                <td>버전 3.2 이상</td>\r\n            </tr>\r\n        </tbody>\r\n    </table>\r\n</div>'),(2,'U7 Pro Wall',210000,'wifi','<div class=\"product-description mt-5\">\r\n    <h3 class=\"text-primary mb-4\">기계적 사양</h3>\r\n    <table class=\"table table-bordered table-striped\">\r\n        <tbody>\r\n            <tr>\r\n                <th scope=\"row\">크기</th>\r\n                <td>150 x 103 x 36 mm (5.9 x 4.1 x 1.4\")</td>\r\n            </tr>\r\n            <tr>\r\n                <th scope=\"row\">무게</th>\r\n                <td>580 g (1.3 lb)</td>\r\n            </tr>\r\n            <tr>\r\n                <th scope=\"row\">재질</th>\r\n                <td>폴리카보네이트, 알루미늄</td>\r\n            </tr>\r\n            <tr>\r\n                <th scope=\"row\">설치 재질</th>\r\n                <td>알루미늄</td>\r\n            </tr>\r\n        </tbody>\r\n    </table>\r\n    <h3 class=\"text-primary mb-4\">하드웨어</h3>\r\n    <table class=\"table table-bordered table-striped\">\r\n        <tbody>\r\n            <tr>\r\n                <th scope=\"row\">네트워킹 인터페이스</th>\r\n                <td>(1) 1/2.5 GbE RJ45 포트</td>\r\n            </tr>\r\n            <tr>\r\n                <th scope=\"row\">관리 인터페이스</th>\r\n                <td>이더넷</td>\r\n            </tr>\r\n            <tr>\r\n                <th scope=\"row\">전원 방식</th>\r\n                <td>PoE+</td>\r\n            </tr>\r\n            <tr>\r\n                <th scope=\"row\">전원 공급</th>\r\n                <td>UniFi PoE 스위치</td>\r\n            </tr>\r\n            <tr>\r\n                <th scope=\"row\">지원 전압 범위</th>\r\n                <td>44—57V DC</td>\r\n            </tr>\r\n            <tr>\r\n                <th scope=\"row\">최대 전력 소비량</th>\r\n                <td>22W</td>\r\n            </tr>\r\n            <tr>\r\n                <th scope=\"row\">최대 전송 출력</th>\r\n                <td>\r\n                    <ul class=\"list-unstyled mb-0\">\r\n                        <li>2.4 GHz: 22 dBm</li>\r\n                        <li>5 GHz: 26 dBm</li>\r\n                        <li>6 GHz: 23 dBm</li>\r\n                    </ul>\r\n                </td>\r\n            </tr>\r\n            <tr>\r\n                <th scope=\"row\">MIMO</th>\r\n                <td>\r\n                    <ul class=\"list-unstyled mb-0\">\r\n                        <li>2.4 GHz: 2 x 2 (DL/UL MU-MIMO)</li>\r\n                        <li>5 GHz: 2 x 2 (DL/UL MU-MIMO)</li>\r\n                        <li>6 GHz: 2 x 2 (DL/UL MU-MIMO)</li>\r\n                    </ul>\r\n                </td>\r\n            </tr>\r\n            <tr>\r\n                <th scope=\"row\">최대 데이터 속도</th>\r\n                <td>\r\n                    <ul class=\"list-unstyled mb-0\">\r\n                        <li>2.4 GHz: 688 Mbps (BW40)</li>\r\n                        <li>5 GHz: 4.3 Gbps (BW240)</li>\r\n                        <li>6 GHz: 5.7 Gbps (BW320)</li>\r\n                    </ul>\r\n                </td>\r\n            </tr>\r\n            <tr>\r\n                <th scope=\"row\">안테나 이득</th>\r\n                <td>\r\n                    <ul class=\"list-unstyled mb-0\">\r\n                        <li>2.4 GHz: 4 dBi</li>\r\n                        <li>5 GHz: 5 dBi</li>\r\n                        <li>6 GHz: 6 dBi</li>\r\n                    </ul>\r\n                </td>\r\n            </tr>\r\n            <tr>\r\n                <th scope=\"row\">LED</th>\r\n                <td>흰색/파란색</td>\r\n            </tr>\r\n            <tr>\r\n                <th scope=\"row\">버튼</th>\r\n                <td>공장 초기화</td>\r\n            </tr>\r\n            <tr>\r\n                <th scope=\"row\">설치 방식</th>\r\n                <td>벽 설치 (포함됨)<br>테이블 스탠드, 매립 설치 (선택 사항)</td>\r\n            </tr>\r\n            <tr>\r\n                <th scope=\"row\">작동 온도</th>\r\n                <td>-30 ~ 60° C (-22 ~ 140° F)</td>\r\n            </tr>\r\n            <tr>\r\n                <th scope=\"row\">작동 습도</th>\r\n                <td>5 ~ 95% 비응축</td>\r\n            </tr>\r\n            <tr>\r\n                <th scope=\"row\">인증</th>\r\n                <td>CE, FCC, IC</td>\r\n            </tr>\r\n        </tbody>\r\n    </table>\r\n    <h3 class=\"text-primary mb-4\">소프트웨어</h3>\r\n    <table class=\"table table-bordered table-striped\">\r\n        <tbody>\r\n            <tr>\r\n                <th scope=\"row\">WiFi 표준</th>\r\n                <td>802.11a/b/g/n/ac/ax/be (WiFi 6/6E, WiFi 7)</td>\r\n            </tr>\r\n            <tr>\r\n                <th scope=\"row\">무선 보안</th>\r\n                <td>WPA-PSK, WPA-Enterprise (WPA/WPA2/WPA3/PPSK)</td>\r\n            </tr>\r\n            <tr>\r\n                <th scope=\"row\">BSSID</th>\r\n                <td>라디오당 8개</td>\r\n            </tr>\r\n            <tr>\r\n                <th scope=\"row\">VLAN</th>\r\n                <td>802.1Q</td>\r\n            </tr>\r\n            <tr>\r\n                <th scope=\"row\">고급 QoS</th>\r\n                <td>사용자별 속도 제한</td>\r\n            </tr>\r\n            <tr>\r\n                <th scope=\"row\">게스트 트래픽 분리</th>\r\n                <td>지원됨</td>\r\n            </tr>\r\n            <tr>\r\n                <th scope=\"row\">동시 연결 클라이언트</th>\r\n                <td>300+</td>\r\n            </tr>\r\n            <tr>\r\n                <th scope=\"row\">지원 데이터 속도</th>\r\n                <td>\r\n                    <ul class=\"list-unstyled mb-0\">\r\n                        <li>802.11a: 6, 9, 12, 18, 24, 36, 48, 54 Mbps</li>\r\n                        <li>802.11b: 1, 2, 5.5, 11 Mbps</li>\r\n                        <li>802.11g: 6, 9, 12, 18, 24, 36, 48, 54 Mbps</li>\r\n                        <li>802.11n: 6.5 Mbps ~ 300 Mbps (MCS0 - MCS15, HT 20/40)</li>\r\n                        <li>802.11ac: 6.5 Mbps ~ 1.7 Gbps (MCS0 - MCS9 NSS1/2, VHT 20/40/80/160)</li>\r\n                        <li>802.11ax (WiFi 6/6E): 7.3 Mbps ~ 2.4 Gbps (MCS0 - MCS11 NSS1/2, HE 20/40/80/160)</li>\r\n                        <li>802.11be (WiFi 7): 7.3 Mbps ~ 5.7 Gbps (MCS0 - MCS13 NSS1/2, EHT 20/40/80/160/240/320)</li>\r\n                    </ul>\r\n                </td>\r\n            </tr>\r\n        </tbody>\r\n    </table>\r\n    <h3 class=\"text-primary mb-4\">애플리케이션 요구사항</h3>\r\n    <table class=\"table table-bordered table-striped\">\r\n        <tbody>\r\n            <tr>\r\n                <th scope=\"row\">UniFi Network</th>\r\n                <td>버전 8.1 이상</td>\r\n            </tr>\r\n            <tr>\r\n                <th scope=\"row\">UniFi OS</th>\r\n                <td>버전 3.2 이상</td>\r\n            </tr>\r\n        </tbody>\r\n    </table>\r\n</div>'),(3,'Dream Router',250000,'gateway','<div class=\"product-description mt-5\">\r\n    <h3 class=\"text-primary mb-4\">기계적 사양</h3>\r\n    <table class=\"table table-bordered table-striped\">\r\n        <tbody>\r\n            <tr>\r\n                <th scope=\"row\">크기</th>\r\n                <td>Ø110 x 184.1 mm (Ø4.3 x 7.3\")</td>\r\n            </tr>\r\n            <tr>\r\n                <th scope=\"row\">무게</th>\r\n                <td>1.2 kg (2.5 lb)</td>\r\n            </tr>\r\n            <tr>\r\n                <th scope=\"row\">재질</th>\r\n                <td>폴리카보네이트</td>\r\n            </tr>\r\n        </tbody>\r\n    </table>\r\n    <h3 class=\"text-primary mb-4\">하드웨어</h3>\r\n    <table class=\"table table-bordered table-striped\">\r\n        <tbody>\r\n            <tr>\r\n                <th scope=\"row\">프로세서</th>\r\n                <td>듀얼 코어 Arm® Cortex® A53, 1.35 GHz</td>\r\n            </tr>\r\n            <tr>\r\n                <th scope=\"row\">시스템 메모리</th>\r\n                <td>2 GB</td>\r\n            </tr>\r\n            <tr>\r\n                <th scope=\"row\">확장 슬롯</th>\r\n                <td>Micro SD 메모리 카드 (최소 128 GB 필요)</td>\r\n            </tr>\r\n            <tr>\r\n                <th scope=\"row\">관리 인터페이스</th>\r\n                <td>이더넷, 블루투스</td>\r\n            </tr>\r\n            <tr>\r\n                <th scope=\"row\">네트워킹 인터페이스</th>\r\n                <td>\r\n                    <strong>LAN:</strong> (4) GbE RJ45 포트<br>\r\n                    <strong>WAN:</strong> (1) GbE RJ45 포트\r\n                </td>\r\n            </tr>\r\n            <tr>\r\n                <th scope=\"row\">PoE 인터페이스</th>\r\n                <td>(2) PoE (Pair B 4, 5+; 7, 8-)</td>\r\n            </tr>\r\n            <tr>\r\n                <th scope=\"row\">전원 방식</th>\r\n                <td>유니버설 AC 입력, 100—240V AC, 최대 1.1A, 50/60 Hz</td>\r\n            </tr>\r\n            <tr>\r\n                <th scope=\"row\">전원 공급</th>\r\n                <td>AC/DC 내부, 50W</td>\r\n            </tr>\r\n            <tr>\r\n                <th scope=\"row\">지원 전압 범위</th>\r\n                <td>100—240V DC</td>\r\n            </tr>\r\n            <tr>\r\n                <th scope=\"row\">최대 전력 소비량</th>\r\n                <td>19.37W (PoE 출력 제외)</td>\r\n            </tr>\r\n            <tr>\r\n                <th scope=\"row\">PoE 예산</th>\r\n                <td>40W</td>\r\n            </tr>\r\n            <tr>\r\n                <th scope=\"row\">포트당 PoE 출력</th>\r\n                <td>최대 15.4W</td>\r\n            </tr>\r\n            <tr>\r\n                <th scope=\"row\">PoE 모드 전압 범위</th>\r\n                <td>44—57V DC</td>\r\n            </tr>\r\n            <tr>\r\n                <th scope=\"row\">최대 전송 출력</th>\r\n                <td>\r\n                    <ul class=\"list-unstyled mb-0\">\r\n                        <li>2.4 GHz: 26 dBm</li>\r\n                        <li>5 GHz: 26 dBm</li>\r\n                    </ul>\r\n                </td>\r\n            </tr>\r\n            <tr>\r\n                <th scope=\"row\">MIMO</th>\r\n                <td>\r\n                    <ul class=\"list-unstyled mb-0\">\r\n                        <li>2.4 GHz: 4 x 4</li>\r\n                        <li>5 GHz: 4 x 4</li>\r\n                    </ul>\r\n                </td>\r\n            </tr>\r\n            <tr>\r\n                <th scope=\"row\">처리 속도</th>\r\n                <td>\r\n                    <ul class=\"list-unstyled mb-0\">\r\n                        <li>2.4 GHz: 600 Mbps</li>\r\n                        <li>5 GHz: 2.4 Gbps</li>\r\n                    </ul>\r\n                </td>\r\n            </tr>\r\n            <tr>\r\n                <th scope=\"row\">안테나 이득</th>\r\n                <td>\r\n                    <ul class=\"list-unstyled mb-0\">\r\n                        <li>2.4 GHz: 3.4 dBi</li>\r\n                        <li>5 GHz: 4.3 dBi</li>\r\n                    </ul>\r\n                </td>\r\n            </tr>\r\n            <tr>\r\n                <th scope=\"row\">안테나</th>\r\n                <td>(1) 내부 듀얼밴드, 쿼드폴라리티 안테나</td>\r\n            </tr>\r\n            <tr>\r\n                <th scope=\"row\">LCM 디스플레이</th>\r\n                <td>(1) 0.96\" 화면</td>\r\n            </tr>\r\n            <tr>\r\n                <th scope=\"row\">버튼</th>\r\n                <td>공장 초기화</td>\r\n            </tr>\r\n            <tr>\r\n                <th scope=\"row\">LED</th>\r\n                <td>흰색/파란색</td>\r\n            </tr>\r\n            <tr>\r\n                <th scope=\"row\">작동 온도</th>\r\n                <td>-10 ~ 45° C (14 ~ 113° F)</td>\r\n            </tr>\r\n            <tr>\r\n                <th scope=\"row\">작동 습도</th>\r\n                <td>5 ~ 95% 비응축</td>\r\n            </tr>\r\n            <tr>\r\n                <th scope=\"row\">인증</th>\r\n                <td>CE, FCC, IC</td>\r\n            </tr>\r\n        </tbody>\r\n    </table>\r\n    <h3 class=\"text-primary mb-4\">게이트웨이 기능</h3>\r\n    <table class=\"table table-bordered table-striped\">\r\n        <tbody>\r\n            <tr>\r\n                <th scope=\"row\">성능</th>\r\n                <td>\r\n                    <ul class=\"list-unstyled mb-0\">\r\n                        <li>UniFi AP와 WiFi QoS</li>\r\n                        <li>애플리케이션, 도메인 및 국가 기반 QoS</li>\r\n                        <li>애플리케이션 및 기기 유형 식별</li>\r\n                        <li>LTE 백업을 통한 추가 인터넷 장애 대비</li>\r\n                        <li>인터넷 품질 및 장애 보고</li>\r\n                    </ul>\r\n                </td>\r\n            </tr>\r\n            <tr>\r\n                <th scope=\"row\">보안</th>\r\n                <td>\r\n                    <ul class=\"list-unstyled mb-0\">\r\n                        <li>애플리케이션 인식 방화벽 규칙</li>\r\n                        <li>서명 기반 IPS/IDS 위협 탐지</li>\r\n                        <li>콘텐츠, 국가, 도메인 및 광고 필터링</li>\r\n                        <li>VLAN/서브넷 기반 트래픽 세분화</li>\r\n                        <li>상태 기반 방화벽</li>\r\n                    </ul>\r\n                </td>\r\n            </tr>\r\n            <tr>\r\n                <th scope=\"row\">고급 네트워킹</th>\r\n                <td>\r\n                    <ul class=\"list-unstyled mb-0\">\r\n                        <li>라이센스가 필요 없는 SD-WAN</li>\r\n                        <li>WireGuard, L2TP 및 OpenVPN 서버</li>\r\n                        <li>OpenVPN 클라이언트</li>\r\n                        <li>OpenVPN 및 IPsec 사이트 간 VPN</li>\r\n                        <li>원클릭 Teleport 및 Identity VPN</li>\r\n                        <li>정책 기반 WAN 및 VPN 라우팅</li>\r\n                        <li>DHCP 릴레이</li>\r\n                        <li>사용자 지정 DHCP 서버</li>\r\n                        <li>IGMP 프록시</li>\r\n                        <li>IPv6 ISP 지원</li>\r\n                    </ul>\r\n                </td>\r\n            </tr>\r\n        </tbody>\r\n    </table>\r\n    <h3 class=\"text-primary mb-4\">소프트웨어</h3>\r\n    <table class=\"table table-bordered table-striped\">\r\n        <tbody>\r\n            <tr>\r\n                <th scope=\"row\">WiFi 표준</th>\r\n                <td>802.11a/b/g/n/ac/ax</td>\r\n            </tr>\r\n            <tr>\r\n                <th scope=\"row\">무선 보안</th>\r\n                <td>WEP, WPA-PSK, WPA-Enterprise (WPA/WPA2/WPA3)</td>\r\n            </tr>\r\n            <tr>\r\n                <th scope=\"row\">BSSID</th>\r\n                <td>라디오당 8개</td>\r\n            </tr>\r\n            <tr>\r\n                <th scope=\"row\">VLAN</th>\r\n                <td>802.1Q</td>\r\n            </tr>\r\n            <tr>\r\n                <thscope=\"row\">고급 QoS</th><td>사용자별 속도 제한</td> </tr> <tr> <th scope=\"row\">게스트 트래픽 분리</th> <td>지원됨</td> </tr> <tr> <th scope=\"row\">동시 연결 클라이언트</th> <td>300+</td> </tr> <tr> <th scope=\"row\">지원 데이터 속도</th> <td> <ul class=\"list-unstyled mb-0\"> <li>802.11a: 6, 9, 12, 18, 24, 36, 48, 54 Mbps</li> <li>802.11b: 1, 2, 5.5, 11 Mbps</li> <li>802.11g: 6, 9, 12, 18, 24, 36, 48, 54 Mbps</li> <li>802.11n (WiFi 4): 6.5 Mbps ~ 600 Mbps (MCS0 - MCS31, HT 20/40)</li> <li>802.11ac (WiFi 5): 6.5 Mbps ~ 1.7 Gbps (MCS0 - MCS9 NSS1/2/3/4, VHT 20/40/80/160)</li> <li>802.11ax (WiFi 6): 7.3 Mbps ~ 2.4 Gbps (MCS0 - MCS11 NSS1/2/3/4, HE 20/40/80/160)</li> </ul> </td> </tr> </tbody> </table>\r\n\r\n</div>'),(4,'UniFi Express',190000,'gateway','<div class=\"product-description mt-5\">\r\n    <h3 class=\"text-primary mb-4\">기계적 사양</h3>\r\n    <table class=\"table table-bordered table-striped\">\r\n        <tbody>\r\n            <tr>\r\n                <th scope=\"row\">크기</th>\r\n                <td>98 x 98 x 30 mm (3.6 x 3.6 x 1.2\")</td>\r\n            </tr>\r\n            <tr>\r\n                <th scope=\"row\">무게</th>\r\n                <td>302 g (10.7 oz)</td>\r\n            </tr>\r\n            <tr>\r\n                <th scope=\"row\">재질</th>\r\n                <td>폴리카보네이트</td>\r\n            </tr>\r\n        </tbody>\r\n    </table>\r\n    <h3 class=\"text-primary mb-4\">하드웨어</h3>\r\n    <table class=\"table table-bordered table-striped\">\r\n        <tbody>\r\n            <tr>\r\n                <th scope=\"row\">관리 인터페이스</th>\r\n                <td>이더넷, 블루투스</td>\r\n            </tr>\r\n            <tr>\r\n                <th scope=\"row\">네트워킹 인터페이스</th>\r\n                <td>\r\n                    <strong>LAN:</strong> (1) GbE RJ45 포트<br>\r\n                    <strong>WAN:</strong> (1) GbE RJ45 포트\r\n                </td>\r\n            </tr>\r\n            <tr>\r\n                <th scope=\"row\">전원 방식</th>\r\n                <td>USB 타입 C (5V DC/3A)</td>\r\n            </tr>\r\n            <tr>\r\n                <th scope=\"row\">최대 전력 소비량</th>\r\n                <td>10W</td>\r\n            </tr>\r\n            <tr>\r\n                <th scope=\"row\">최대 전송 출력</th>\r\n                <td>\r\n                    <ul class=\"list-unstyled mb-0\">\r\n                        <li>2.4 GHz: 22 dBm</li>\r\n                        <li>5 GHz: 25 dBm</li>\r\n                    </ul>\r\n                </td>\r\n            </tr>\r\n            <tr>\r\n                <th scope=\"row\">MIMO</th>\r\n                <td>\r\n                    <ul class=\"list-unstyled mb-0\">\r\n                        <li>2.4 GHz: 2 x 2 (DL/UL MU-MIMO)</li>\r\n                        <li>5 GHz: 2 x 2 (DL/UL MU-MIMO)</li>\r\n                    </ul>\r\n                </td>\r\n            </tr>\r\n            <tr>\r\n                <th scope=\"row\">처리 속도</th>\r\n                <td>\r\n                    <ul class=\"list-unstyled mb-0\">\r\n                        <li>2.4 GHz: 573.5 Mbps</li>\r\n                        <li>5 GHz: 2.4 Gbps</li>\r\n                    </ul>\r\n                </td>\r\n            </tr>\r\n            <tr>\r\n                <th scope=\"row\">안테나 이득</th>\r\n                <td>\r\n                    <ul class=\"list-unstyled mb-0\">\r\n                        <li>2.4 GHz: 4 dBi</li>\r\n                        <li>5 GHz: 5.15 dBi</li>\r\n                    </ul>\r\n                </td>\r\n            </tr>\r\n            <tr>\r\n                <th scope=\"row\">안테나</th>\r\n                <td>\r\n                    <ul class=\"list-unstyled mb-0\">\r\n                        <li>(2) 내부 2.4G/5G WiFi 듀얼 밴드 안테나</li>\r\n                        <li>(1) 내부 2.4G 단일 밴드 블루투스 안테나</li>\r\n                    </ul>\r\n                </td>\r\n            </tr>\r\n            <tr>\r\n                <th scope=\"row\">LCM 디스플레이</th>\r\n                <td>0.96\" 상태 표시 화면</td>\r\n            </tr>\r\n            <tr>\r\n                <th scope=\"row\">버튼</th>\r\n                <td>공장 초기화</td>\r\n            </tr>\r\n            <tr>\r\n                <th scope=\"row\">작동 온도</th>\r\n                <td>-10 ~ 45° C (14 ~ 113° F)</td>\r\n            </tr>\r\n            <tr>\r\n                <th scope=\"row\">작동 습도</th>\r\n                <td>5 ~ 95% 비응축</td>\r\n            </tr>\r\n            <tr>\r\n                <th scope=\"row\">인증</th>\r\n                <td>CE, FCC, IC</td>\r\n            </tr>\r\n        </tbody>\r\n    </table>\r\n    <h3 class=\"text-primary mb-4\">게이트웨이 기능</h3>\r\n    <table class=\"table table-bordered table-striped\">\r\n        <tbody>\r\n            <tr>\r\n                <th scope=\"row\">성능</th>\r\n                <td>\r\n                    <ul class=\"list-unstyled mb-0\">\r\n                        <li>인터넷 품질 및 장애 보고</li>\r\n                    </ul>\r\n                </td>\r\n            </tr>\r\n            <tr>\r\n                <th scope=\"row\">보안</th>\r\n                <td>\r\n                    <ul class=\"list-unstyled mb-0\">\r\n                        <li>애플리케이션 인식 방화벽 규칙</li>\r\n                        <li>콘텐츠, 국가, 도메인 및 광고 필터링</li>\r\n                        <li>VLAN/서브넷 기반 트래픽 세분화</li>\r\n                        <li>상태 기반 방화벽</li>\r\n                    </ul>\r\n                </td>\r\n            </tr>\r\n            <tr>\r\n                <th scope=\"row\">고급 네트워킹</th>\r\n                <td>\r\n                    <ul class=\"list-unstyled mb-0\">\r\n                        <li>라이센스가 필요 없는 SD-WAN</li>\r\n                        <li>WireGuard, L2TP 및 OpenVPN 서버</li>\r\n                        <li>OpenVPN 클라이언트</li>\r\n                        <li>OpenVPN 및 IPsec 사이트 간 VPN</li>\r\n                        <li>원클릭 Teleport VPN</li>\r\n                        <li>정책 기반 WAN 및 VPN 라우팅</li>\r\n                        <li>DHCP 릴레이</li>\r\n                        <li>사용자 지정 DHCP 서버</li>\r\n                        <li>IGMP 프록시</li>\r\n                        <li>IPv6 ISP 지원</li>\r\n                    </ul>\r\n                </td>\r\n            </tr>\r\n        </tbody>\r\n    </table>\r\n    <h3 class=\"text-primary mb-4\">소프트웨어</h3>\r\n    <table class=\"table table-bordered table-striped\">\r\n        <tbody>\r\n            <tr>\r\n                <th scope=\"row\">WiFi 표준</th>\r\n                <td>802.11a/b/g/n/ac/ax</td>\r\n            </tr>\r\n            <tr>\r\n                <th scope=\"row\">무선 보안</th>\r\n                <td>WPA-PSK, WPA-Enterprise (WPA/WPA2/WPA3)</td>\r\n            </tr>\r\n            <tr>\r\n                <th scope=\"row\">BSSID</th>\r\n                <td>\r\n                    <ul class=\"list-unstyled mb-0\">\r\n                        <li>콘솔 모드: 밴드당 3개</li>\r\n                        <li>표준 AP 모드: 밴드당 8개</li>\r\n                    </ul>\r\n                </td>\r\n            </tr>\r\n            <tr>\r\n                <th scope=\"row\">VLAN</th>\r\n                <td>802.1Q</td>\r\n            </tr>\r\n            <tr>\r\n                <th scope=\"row\">고급 QoS</th>\r\n                <td>사용자별 속도 제한</td>\r\n            </tr>\r\n            <tr>\r\n                <th scope=\"row\">게스트 트래픽 분리</th>\r\n                <td>지원됨</td>\r\n            </tr>\r\n            <tr>\r\n                <th scope=\"row\">동시 연결 클라이언트</th>\r\n                <td>50+*<br>*고급 게이트웨이 기능 사용 시 성능 저하 가능</td>\r\n            </tr>\r\n            <tr>\r\n                <th scope=\"row\">지원 데이터 속도</th>\r\n                <td>\r\n                    <ul class=\"list-unstyled mb-0\">\r\n                        <li>802.11a: 6, 9, 12, 18, 24, 36, 48, 54 Mbps</li>\r\n                        <li>802.11b: 1, 2, 5.5, 11 Mbps</li>\r\n                        <li>802.11g: 6, 9, 12, 18, 24, 36, 48, 54 Mbps</li>\r\n                        <li>802.11n (WiFi 4): 6.5 Mbps ~ 300 Mbps (MCS0 - MCS15, HT 20/40)</li>\r\n                        <li>802.11ac (WiFi 5): 6.5 Mbps ~ 1.7 Gbps (MCS0 - MCS9 NSS1/2, VHT 20/40/80/160)</li>\r\n                        <li>802.11ax (WiFi 6): 7.3 Mbps ~ 2.4 Gbps (MCS0 - MCS11 NSS1/2, HE 20/40/80/160)</li>\r\n                    </ul>\r\n                </td>\r\n            </tr>\r\n        </tbody>\r\n    </table>\r\n    <h3 class=\"text-primary mb-4\">애플리케이션 요구사항</h3>\r\n    <table class=\"table table-bordered table-striped\">\r\n        <tbody>\r\n            <tr>\r\n                <th scope=\"row\">UniFi Network</th>\r\n                <td>버전 8.0.7 이상</td>\r\n            </tr>\r\n        </tbody>\r\n    </table>\r\n</div>'),(5,'Cloud Gateway Max',210000,'gateway','<div class=\"product-description mt-5\">\r\n    <h3 class=\"text-primary mb-4\">기계적 사양</h3>\r\n    <table class=\"table table-bordered table-striped\">\r\n        <tbody>\r\n            <tr>\r\n                <th scope=\"row\">크기</th>\r\n                <td>141.8 x 127.6 x 30 mm (5.6 x 5 x 1.2\")</td>\r\n            </tr>\r\n            <tr>\r\n                <th scope=\"row\">무게</th>\r\n                <td>519 g (1.1 lb)</td>\r\n            </tr>\r\n            <tr>\r\n                <th scope=\"row\">재질</th>\r\n                <td>폴리카보네이트</td>\r\n            </tr>\r\n        </tbody>\r\n    </table>\r\n    <h3 class=\"text-primary mb-4\">하드웨어</h3>\r\n    <table class=\"table table-bordered table-striped\">\r\n        <tbody>\r\n            <tr>\r\n                <th scope=\"row\">프로세서</th>\r\n                <td>쿼드 코어 ARM® Cortex®-A53, 1.5 GHz</td>\r\n            </tr>\r\n            <tr>\r\n                <th scope=\"row\">시스템 메모리</th>\r\n                <td>3 GB DDR4</td>\r\n            </tr>\r\n            <tr>\r\n                <th scope=\"row\">내장 저장소</th>\r\n                <td>512 GB NVMe SSD</td>\r\n            </tr>\r\n            <tr>\r\n                <th scope=\"row\">관리 인터페이스</th>\r\n                <td>이더넷, 블루투스</td>\r\n            </tr>\r\n            <tr>\r\n                <th scope=\"row\">네트워킹 인터페이스</th>\r\n                <td>\r\n                    <strong>LAN:</strong> (4) 1/2.5 GbE RJ45 포트<br>\r\n                    <strong>WAN:</strong> (1) 1/2.5 GbE RJ45 포트\r\n                </td>\r\n            </tr>\r\n            <tr>\r\n                <th scope=\"row\">IDS/IPS 처리량</th>\r\n                <td>1.5 Gbps*<br>*DHCP 네트워크에서 iPerf3로 측정됨. PPPoE를 사용하는 경우 ISP 구현에 따라 성능이 감소할 수 있습니다.</td>\r\n            </tr>\r\n            <tr>\r\n                <th scope=\"row\">전원 방식</th>\r\n                <td>USB 타입 C (5V DC/5A)</td>\r\n            </tr>\r\n            <tr>\r\n                <th scope=\"row\">지원 전압 범위</th>\r\n                <td>100–240V AC</td>\r\n            </tr>\r\n            <tr>\r\n                <th scope=\"row\">최대 전력 소비량</th>\r\n                <td>16.1W</td>\r\n            </tr>\r\n            <tr>\r\n                <th scope=\"row\">LCM 디스플레이</th>\r\n                <td>0.96\" 상태 표시 화면</td>\r\n            </tr>\r\n            <tr>\r\n                <th scope=\"row\">버튼</th>\r\n                <td>공장 초기화</td>\r\n            </tr>\r\n            <tr>\r\n                <th scope=\"row\">작동 온도</th>\r\n                <td>-10 ~ 40° C (14 ~ 104° F)</td>\r\n            </tr>\r\n            <tr>\r\n                <th scope=\"row\">작동 습도</th>\r\n                <td>5 ~ 95% 비응축</td>\r\n            </tr>\r\n            <tr>\r\n                <th scope=\"row\">인증</th>\r\n                <td>CE, FCC, IC</td>\r\n            </tr>\r\n        </tbody>\r\n    </table>\r\n    <h3 class=\"text-primary mb-4\">게이트웨이 기능</h3>\r\n    <table class=\"table table-bordered table-striped\">\r\n        <tbody>\r\n            <tr>\r\n                <th scope=\"row\">성능</th>\r\n                <td>\r\n                    <ul class=\"list-unstyled mb-0\">\r\n                        <li>이중 WAN 페일오버 및 로드 밸런싱</li>\r\n                        <li>UniFi AP와 WiFi QoS</li>\r\n                        <li>애플리케이션, 도메인 및 국가 기반 QoS</li>\r\n                        <li>애플리케이션 및 기기 유형 식별</li>\r\n                        <li>LTE 백업을 통한 추가 인터넷 장애 대비</li>\r\n                        <li>인터넷 품질 및 장애 보고</li>\r\n                    </ul>\r\n                </td>\r\n            </tr>\r\n            <tr>\r\n                <th scope=\"row\">보안</th>\r\n                <td>\r\n                    <ul class=\"list-unstyled mb-0\">\r\n                        <li>애플리케이션 인식 방화벽 규칙</li>\r\n                        <li>서명 기반 IPS/IDS 위협 탐지</li>\r\n                        <li>콘텐츠, 국가, 도메인 및 광고 필터링</li>\r\n                        <li>VLAN/서브넷 기반 트래픽 세분화</li>\r\n                        <li>상태 기반 방화벽</li>\r\n                    </ul>\r\n                </td>\r\n            </tr>\r\n            <tr>\r\n                <th scope=\"row\">고급 네트워킹</th>\r\n                <td>\r\n                    <ul class=\"list-unstyled mb-0\">\r\n                        <li>라이센스가 필요 없는 SD-WAN</li>\r\n                        <li>WireGuard, L2TP 및 OpenVPN 서버</li>\r\n                        <li>OpenVPN 클라이언트</li>\r\n                        <li>OpenVPN 및 IPsec 사이트 간 VPN</li>\r\n                        <li>원클릭 Teleport 및 Identity VPN</li>\r\n                        <li>정책 기반 WAN 및 VPN 라우팅</li>\r\n                        <li>DHCP 릴레이</li>\r\n                        <li>사용자 지정 DHCP 서버</li>\r\n                        <li>IGMP 프록시</li>\r\n                        <li>IPv6 ISP 지원</li>\r\n                    </ul>\r\n                </td>\r\n            </tr>\r\n        </tbody>\r\n    </table>\r\n    <h3 class=\"text-primary mb-4\">LED</h3>\r\n    <table class=\"table table-bordered table-striped\">\r\n        <tbody>\r\n            <tr>\r\n                <th scope=\"row\">이더넷</th>\r\n                <td>녹색: 링크/활동</td>\r\n            </tr>\r\n        </tbody>\r\n    </table>\r\n    <h3 class=\"text-primary mb-4\">애플리케이션 요구사항</h3>\r\n    <table class=\"table table-bordered table-striped\">\r\n        <tbody>\r\n            <tr>\r\n                <th scope=\"row\">모바일 앱</th>\r\n                <td>UniFi iOS™ 및 Android™: 버전 10.17.2 이상</td>\r\n            </tr>\r\n        </tbody>\r\n    </table>\r\n</div>'),(6,'Dream Machine Pro Max',700000,'gateway','<div class=\"product-description mt-5\">\r\n    <h3 class=\"text-primary mb-4\">기계적 사양</h3>\r\n    <table class=\"table table-bordered table-striped\">\r\n        <tbody>\r\n            <tr>\r\n                <th scope=\"row\">크기</th>\r\n                <td>442.4 x 43.7 x 285.6 mm (17.4 x 1.7 x 11.2\")</td>\r\n            </tr>\r\n            <tr>\r\n                <th scope=\"row\">무게</th>\r\n                <td>4.7 kg (10.4 lb)</td>\r\n            </tr>\r\n            <tr>\r\n                <th scope=\"row\">재질</th>\r\n                <td>알루미늄 CNC, SGCC 강철</td>\r\n            </tr>\r\n            <tr>\r\n                <th scope=\"row\">설치 재질</th>\r\n                <td>SGCC 강철</td>\r\n            </tr>\r\n        </tbody>\r\n    </table>\r\n    <h3 class=\"text-primary mb-4\">하드웨어</h3>\r\n    <table class=\"table table-bordered table-striped\">\r\n        <tbody>\r\n            <tr>\r\n                <th scope=\"row\">프로세서</th>\r\n                <td>쿼드 코어 ARM® Cortex®-A57, 2.0 GHz</td>\r\n            </tr>\r\n            <tr>\r\n                <th scope=\"row\">시스템 메모리</th>\r\n                <td>8 GB DDR4</td>\r\n            </tr>\r\n            <tr>\r\n                <th scope=\"row\">내장 저장소</th>\r\n                <td>32 GB eMMC 및 통합 128 GB SSD</td>\r\n            </tr>\r\n            <tr>\r\n                <th scope=\"row\">관리 인터페이스</th>\r\n                <td>이더넷, 블루투스</td>\r\n            </tr>\r\n            <tr>\r\n                <th scope=\"row\">네트워킹 인터페이스</th>\r\n                <td>\r\n                    <strong>LAN:</strong> (8) GbE RJ45 포트, (1) 10G SFP+ 포트<br>\r\n                    <strong>WAN:</strong> (1) 2.5 GbE RJ45 포트, (1) 10G SFP+ 포트\r\n                </td>\r\n            </tr>\r\n            <tr>\r\n                <th scope=\"row\">IDS/IPS 처리량</th>\r\n                <td>5 Gbps*<br>*DHCP 네트워크에서 iPerf3로 측정됨. PPPoE를 사용하는 경우 ISP 구현에 따라 성능이 감소할 수 있습니다.</td>\r\n            </tr>\r\n            <tr>\r\n                <th scope=\"row\">전원 방식</th>\r\n                <td>\r\n                    <ul class=\"list-unstyled mb-0\">\r\n                        <li>(1) 유니버설 AC 입력, 100—240V AC, 최대 2A, 50/60 Hz</li>\r\n                        <li>(1) USP-RPS DC 입력, 11.5V DC, 8.7A</li>\r\n                    </ul>\r\n                </td>\r\n            </tr>\r\n            <tr>\r\n                <th scope=\"row\">전원 공급</th>\r\n                <td>AC/DC 내부, 100W</td>\r\n            </tr>\r\n            <tr>\r\n                <th scope=\"row\">지원 전압 범위</th>\r\n                <td>100—240V AC</td>\r\n            </tr>\r\n            <tr>\r\n                <th scope=\"row\">최대 전력 소비량</th>\r\n                <td>100W</td>\r\n            </tr>\r\n            <tr>\r\n                <th scope=\"row\">ESD/EMP 보호</th>\r\n                <td>공기: ±15kV, 접촉: ±8kV</td>\r\n            </tr>\r\n            <tr>\r\n                <th scope=\"row\">LCM 디스플레이</th>\r\n                <td>(1) 1.3\" 터치스크린</td>\r\n            </tr>\r\n            <tr>\r\n                <th scope=\"row\">버튼</th>\r\n                <td>공장 초기화</td>\r\n            </tr>\r\n            <tr>\r\n                <th scope=\"row\">작동 온도</th>\r\n                <td>-10° ~ 40° C (14° ~ 104° F)</td>\r\n            </tr>\r\n            <tr>\r\n                <th scope=\"row\">작동 습도</th>\r\n                <td>5 ~ 95% 비응축</td>\r\n            </tr>\r\n            <tr>\r\n                <th scope=\"row\">인증</th>\r\n                <td>CE, FCC, IC</td>\r\n            </tr>\r\n        </tbody>\r\n    </table>\r\n    <h3 class=\"text-primary mb-4\">게이트웨이 기능</h3>\r\n    <table class=\"table table-bordered table-striped\">\r\n        <tbody>\r\n            <tr>\r\n                <th scope=\"row\">성능</th>\r\n                <td>\r\n                    <ul class=\"list-unstyled mb-0\">\r\n                        <li>이중 WAN 페일오버 및 로드 밸런싱</li>\r\n                        <li>UniFi AP와 WiFi QoS</li>\r\n                        <li>애플리케이션, 도메인 및 국가 기반 QoS</li>\r\n                        <li>애플리케이션 및 기기 유형 식별</li>\r\n                        <li>LTE 백업을 통한 추가 인터넷 장애 대비</li>\r\n                        <li>인터넷 품질 및 장애 보고</li>\r\n                    </ul>\r\n                </td>\r\n            </tr>\r\n            <tr>\r\n                <th scope=\"row\">보안</th>\r\n                <td>\r\n                    <ul class=\"list-unstyled mb-0\">\r\n                        <li>애플리케이션 인식 방화벽 규칙</li>\r\n                        <li>서명 기반 IPS/IDS 위협 탐지</li>\r\n                        <li>콘텐츠, 국가, 도메인 및 광고 필터링</li>\r\n                        <li>VLAN/서브넷 기반 트래픽 세분화</li>\r\n                        <li>상태 기반 방화벽</li>\r\n                    </ul>\r\n                </td>\r\n            </tr>\r\n            <tr>\r\n                <th scope=\"row\">고급 네트워킹</th>\r\n                <td>\r\n                    <ul class=\"list-unstyled mb-0\">\r\n                        <li>라이센스가 필요 없는 SD-WAN</li>\r\n                        <li>WireGuard, L2TP 및 OpenVPN 서버</li>\r\n                        <li>OpenVPN 클라이언트</li>\r\n                        <li>OpenVPN 및 IPsec 사이트 간 VPN</li>\r\n                        <li>원클릭 Teleport 및 Identity VPN</li>\r\n                        <li>정책 기반 WAN 및 VPN 라우팅</li>\r\n                        <li>DHCP 릴레이</li>\r\n                        <li>사용자 지정 DHCP 서버</li>\r\n                        <li>IGMP 프록시</li>\r\n                        <li>IPv6 ISP 지원</li>\r\n                    </ul>\r\n                </td>\r\n            </tr>\r\n        </tbody>\r\n    </table>\r\n    <h3 class=\"text-primary mb-4\">LED</h3>\r\n    <table class=\"table table-bordered table-striped\">\r\n        <tbody>\r\n            <tr>\r\n                <th scope=\"row\">이더넷</th>\r\n                <td>녹색: 링크/활동</td>\r\n            </tr>\r\n            <tr>\r\n                <th scope=\"row\">SFP+</th>\r\n                <td>녹색: 링크/활동</td>\r\n            </tr>\r\n            <tr>\r\n                <th scope=\"row\">HDD</th>\r\n                <td>흰색: 디스크 활동<br>주황색: 디스크 오류</td>\r\n            </tr>\r\n            <tr>\r\n                <th scope=\"row\">RPS</th>\r\n                <td>파란색: 준비 완료</td>\r\n            </tr>\r\n        </tbody>\r\n    </table>\r\n</div>'),(7,'Enterprise Fortress Gateway',2500000,'gateway','<div class=\"product-description mt-5\">\r\n    <h3 class=\"text-primary mb-4\">기계적 사양</h3>\r\n    <table class=\"table table-bordered table-striped\">\r\n        <tbody>\r\n            <tr>\r\n                <th scope=\"row\">크기</th>\r\n                <td>442.4 x 43.7 x 325 mm (17.4 x 1.7 x 12.8\")</td>\r\n            </tr>\r\n            <tr>\r\n                <th scope=\"row\">무게</th>\r\n                <td>6.5 kg (14.3 lb)</td>\r\n            </tr>\r\n            <tr>\r\n                <th scope=\"row\">재질</th>\r\n                <td>알루미늄 CNC, SGCC 강철</td>\r\n            </tr>\r\n        </tbody>\r\n    </table>\r\n    <h3 class=\"text-primary mb-4\">하드웨어</h3>\r\n    <table class=\"table table-bordered table-striped\">\r\n        <tbody>\r\n            <tr>\r\n                <th scope=\"row\">프로세서</th>\r\n                <td>18코어 ARM® v8.2, 2 GHz</td>\r\n            </tr>\r\n            <tr>\r\n                <th scope=\"row\">시스템 메모리</th>\r\n                <td>16 GB DDR4 DIMM</td>\r\n            </tr>\r\n            <tr>\r\n                <th scope=\"row\">관리 인터페이스</th>\r\n                <td>이더넷, 블루투스</td>\r\n            </tr>\r\n            <tr>\r\n                <th scope=\"row\">네트워킹 인터페이스</th>\r\n                <td>\r\n                    <ul class=\"list-unstyled mb-0\">\r\n                        <li>(2) 25G SFP28 포트</li>\r\n                        <li>(2) 10G SFP+ 포트</li>\r\n                        <li>(2) 2.5 GbE RJ45 포트</li>\r\n                        <li>WAN으로 (2) 인터페이스 매핑 가능</li>\r\n                    </ul>\r\n                </td>\r\n            </tr>\r\n            <tr>\r\n                <th scope=\"row\">전원 방식</th>\r\n                <td>\r\n                    <ul class=\"list-unstyled mb-0\">\r\n                        <li>(1) 유니버설 AC 입력, 100—240V AC, 최대 7A, 50/60 Hz</li>\r\n                    </ul>\r\n                </td>\r\n            </tr>\r\n            <tr>\r\n                <th scope=\"row\">전원 공급</th>\r\n                <td>(2) 핫스왑 가능 150W CRPS</td>\r\n            </tr>\r\n            <tr>\r\n                <th scope=\"row\">지원 전압 범위</th>\r\n                <td>100–240V AC</td>\r\n            </tr>\r\n            <tr>\r\n                <th scope=\"row\">최대 전력 소비량</th>\r\n                <td>82W</td>\r\n            </tr>\r\n            <tr>\r\n                <th scope=\"row\">ESD/EMP 보호</th>\r\n                <td>공기: ±8kV, 접촉: ±4kV</td>\r\n            </tr>\r\n            <tr>\r\n                <th scope=\"row\">LCM 디스플레이</th>\r\n                <td>1.3\" 터치스크린</td>\r\n            </tr>\r\n            <tr>\r\n                <th scope=\"row\">버튼</th>\r\n                <td>공장 초기화</td>\r\n            </tr>\r\n            <tr>\r\n                <th scope=\"row\">작동 온도</th>\r\n                <td>0 ~ 40° C (22 ~ 104° F)</td>\r\n            </tr>\r\n            <tr>\r\n                <th scope=\"row\">작동 습도</th>\r\n                <td>5 ~ 95% 비응축</td>\r\n            </tr>\r\n            <tr>\r\n                <th scope=\"row\">인증</th>\r\n                <td>CE, FCC, IC</td>\r\n            </tr>\r\n        </tbody>\r\n    </table>\r\n    <h3 class=\"text-primary mb-4\">게이트웨이 기능</h3>\r\n    <table class=\"table table-bordered table-striped\">\r\n        <tbody>\r\n            <tr>\r\n                <th scope=\"row\">성능</th>\r\n                <td>\r\n                    <ul class=\"list-unstyled mb-0\">\r\n                        <li>이중 WAN 페일오버 및 로드 밸런싱</li>\r\n                        <li>UniFi AP와 WiFi QoS</li>\r\n                        <li>애플리케이션, 도메인 및 국가 기반 QoS</li>\r\n                        <li>LTE 백업을 통한 추가 인터넷 장애 대비</li>\r\n                        <li>인터넷 품질 및 장애 보고</li>\r\n                    </ul>\r\n                </td>\r\n            </tr>\r\n            <tr>\r\n                <th scope=\"row\">보안</th>\r\n                <td>\r\n                    <ul class=\"list-unstyled mb-0\">\r\n                        <li>애플리케이션 인식 방화벽 규칙</li>\r\n                        <li>서명 기반 IPS/IDS 위협 탐지</li>\r\n                        <li>콘텐츠, 국가, 도메인 및 광고 필터링</li>\r\n                        <li>VLAN/서브넷 기반 트래픽 세분화</li>\r\n                        <li>상태 기반 방화벽</li>\r\n                    </ul>\r\n                </td>\r\n            </tr>\r\n            <tr>\r\n                <th scope=\"row\">고급 네트워킹</th>\r\n                <td>\r\n                    <ul class=\"list-unstyled mb-0\">\r\n                        <li>라이센스가 필요 없는 SD-WAN</li>\r\n                        <li>WireGuard, L2TP 및 OpenVPN 서버</li>\r\n                        <li>OpenVPN 및 IPsec 사이트 간 VPN</li>\r\n                        <li>원클릭 Teleport 및 Identity VPN</li>\r\n                    </ul>\r\n                </td>\r\n            </tr>\r\n        </tbody>\r\n    </table>\r\n    <h3 class=\"text-primary mb-4\">처리량</h3>\r\n    <table class=\"table table-bordered table-striped\">\r\n        <tbody>\r\n            <tr>\r\n                <th scope=\"row\">Firewall 처리량</th>\r\n                <td>23.5 Gbps</td>\r\n            </tr>\r\n            <tr>\r\n                <th scope=\"row\">IDS/IPS 처리량</th>\r\n                <td>12.5 Gbps</td>\r\n            </tr>\r\n        </tbody>\r\n    </table>\r\n    <h3 class=\"text-primary mb-4\">LED</h3>\r\n    <table class=\"table table-bordered table-striped\">\r\n        <tbody>\r\n            <tr>\r\n                <th scope=\"row\">이더넷</th>\r\n                <td>흰색: 링크/활동</td>\r\n            </tr>\r\n            <tr>\r\n                <th scope=\"row\">SFP+</th>\r\n                <td>흰색: 링크/활동</td>\r\n            </tr>\r\n            <tr>\r\n                <th scope=\"row\">CRPS</th>\r\n                <td>\r\n                    <ul class=\"list-unstyled mb-0\">\r\n                        <li>끄기: AC 전원 없음</li>\r\n                        <li>흰색: AC 전원 및 DC 출력 활성</li>\r\n                        <li>흰색 깜박임: AC 전원 있음</li>\r\n                        <li>빨간색: AC 전원 손실/장애 이벤트</li>\r\n                        <li>빨간색 깜박임: 경고 이벤트</li>\r\n                    </ul>\r\n                </td>\r\n            </tr>\r\n        </tbody>\r\n    </table>\r\n    <h3 class=\"text-primary mb-4\">소프트웨어</h3>\r\n    <table class=\"table table-bordered table-striped\">\r\n        <tbody>\r\n            <tr>\r\n                <th scope=\"row\">모바일 앱</th>\r\n                <td>\r\n                    <ul class=\"list-unstyled mb-0\">\r\n                        <li>UniFi iOS™: 버전 10.16.2 이상</li>\r\n                        <li>UniFi Android™: 버전 10.17.2 이상</li>\r\n                    </ul>\r\n                </td>\r\n            </tr>\r\n        </tbody>\r\n    </table>\r\n</div>'),(8,'Flex Mini 2.5G',75000,'switching','<div class=\"product-description mt-5\">\r\n    <h3 class=\"text-primary mb-4\">기계적 사양</h3>\r\n    <table class=\"table table-bordered table-striped\">\r\n        <tbody>\r\n            <tr>\r\n                <th scope=\"row\">크기</th>\r\n                <td>117.1 x 90 x 21.2 mm (4.6 x 3.5 x 0.8\")</td>\r\n            </tr>\r\n            <tr>\r\n                <th scope=\"row\">무게</th>\r\n                <td>206 g (7.3 oz)</td>\r\n            </tr>\r\n            <tr>\r\n                <th scope=\"row\">재질</th>\r\n                <td>폴리카보네이트</td>\r\n            </tr>\r\n        </tbody>\r\n    </table>\r\n    <h3 class=\"text-primary mb-4\">하드웨어</h3>\r\n    <table class=\"table table-bordered table-striped\">\r\n        <tbody>\r\n            <tr>\r\n                <th scope=\"row\">관리 인터페이스</th>\r\n                <td>이더넷 인밴드</td>\r\n            </tr>\r\n            <tr>\r\n                <th scope=\"row\">네트워킹 인터페이스</th>\r\n                <td>(5) 1/2.5 GbE RJ45 포트</td>\r\n            </tr>\r\n            <tr>\r\n                <th scope=\"row\">총 논블로킹 처리량</th>\r\n                <td>12.5 Gbps</td>\r\n            </tr>\r\n            <tr>\r\n                <th scope=\"row\">스위칭 용량</th>\r\n                <td>25 Gbps</td>\r\n            </tr>\r\n            <tr>\r\n                <th scope=\"row\">포워딩 속도</th>\r\n                <td>18.6 Mpps</td>\r\n            </tr>\r\n            <tr>\r\n                <th scope=\"row\">전원 방식</th>\r\n                <td>\r\n                    <ul class=\"list-unstyled mb-0\">\r\n                        <li>(1) AC 전원 어댑터, 5V DC, 1A</li>\r\n                        <li>(1) PoE (PairA 1, 2+; 3, 6-) (PairB 4, 5+; 7, 8-)</li>\r\n                    </ul>\r\n                </td>\r\n            </tr>\r\n            <tr>\r\n                <th scope=\"row\">전원 공급</th>\r\n                <td>외부 AC/DC 어댑터 및 UniFi PoE 스위치</td>\r\n            </tr>\r\n            <tr>\r\n                <th scope=\"row\">지원 전압 범위</th>\r\n                <td>AC/DC 입력: 5V DC<br>PoE 입력: 44—57V DC</td>\r\n            </tr>\r\n            <tr>\r\n                <th scope=\"row\">최대 전력 소비량</th>\r\n                <td>AC/DC 입력: 5W<br>PoE 입력: 6.4W</td>\r\n            </tr>\r\n            <tr>\r\n                <th scope=\"row\">버튼</th>\r\n                <td>공장 초기화</td>\r\n            </tr>\r\n            <tr>\r\n                <th scope=\"row\">작동 온도</th>\r\n                <td>-20 ~ 45° C (-4 ~ 113° F)</td>\r\n            </tr>\r\n            <tr>\r\n                <th scope=\"row\">작동 습도</th>\r\n                <td>10 ~ 90% 비응축</td>\r\n            </tr>\r\n            <tr>\r\n                <th scope=\"row\">인증</th>\r\n                <td>CE, FCC, IC</td>\r\n            </tr>\r\n        </tbody>\r\n    </table>\r\n    <h3 class=\"text-primary mb-4\">스위칭 기능</h3>\r\n    <table class=\"table table-bordered table-striped\">\r\n        <tbody>\r\n            <tr>\r\n                <th scope=\"row\">Layer 2 기능</th>\r\n                <td>\r\n                    <ul class=\"list-unstyled mb-0\">\r\n                        <li>STP / RSTP (우선순위 및 포트 수준 비활성화 포함)</li>\r\n                        <li>포트 격리</li>\r\n                        <li>스톰 컨트롤</li>\r\n                        <li>포트 미러링</li>\r\n                        <li>멀티캐스트 / 브로드캐스트 속도 제한</li>\r\n                        <li>플로우 컨트롤</li>\r\n                        <li>점보 프레임</li>\r\n                        <li>출력 속도 제한</li>\r\n                        <li>고유 루프 보호</li>\r\n                    </ul>\r\n                </td>\r\n            </tr>\r\n            <tr>\r\n                <th scope=\"row\">Layer 3 기능</th>\r\n                <td>–</td>\r\n            </tr>\r\n        </tbody>\r\n    </table>\r\n    <h3 class=\"text-primary mb-4\">LED</h3>\r\n    <table class=\"table table-bordered table-striped\">\r\n        <tbody>\r\n            <tr>\r\n                <th scope=\"row\">시스템</th>\r\n                <td>\r\n                    <ul class=\"list-unstyled mb-0\">\r\n                        <li>파란색/흰색: 전원</li>\r\n                        <li>흰색 깜박임: 부팅 진행 중</li>\r\n                        <li>파란색 깜박임: 펌웨어 업그레이드 중</li>\r\n                        <li>흰색 지속: 공장 초기 상태; 채택 대기 중</li>\r\n                        <li>파란색 지속: 채택 완료</li>\r\n                    </ul>\r\n                </td>\r\n            </tr>\r\n            <tr>\r\n                <th scope=\"row\">이더넷</th>\r\n                <td>(5) 녹색: 링크/활동</td>\r\n            </tr>\r\n        </tbody>\r\n    </table>\r\n    <h3 class=\"text-primary mb-4\">애플리케이션 요구사항</h3>\r\n    <table class=\"table table-bordered table-striped\">\r\n        <tbody>\r\n            <tr>\r\n                <th scope=\"row\">UniFi Network</th>\r\n                <td>버전 8.4.62 이상</td>\r\n            </tr>\r\n        </tbody>\r\n    </table>\r\n</div>'),(9,'Lite 16 PoE',210000,'switching','<div class=\"product-description mt-5\">\r\n    <h3 class=\"text-primary mb-4\">기계적 사양</h3>\r\n    <table class=\"table table-bordered table-striped\">\r\n        <tbody>\r\n            <tr>\r\n                <th scope=\"row\">크기</th>\r\n                <td>192 x 185 x 44 mm (7.6 x 7.3 x 1.7\")</td>\r\n            </tr>\r\n            <tr>\r\n                <th scope=\"row\">무게</th>\r\n                <td>1.2 kg (2.6 lb)</td>\r\n            </tr>\r\n            <tr>\r\n                <th scope=\"row\">재질</th>\r\n                <td>폴리카보네이트</td>\r\n            </tr>\r\n        </tbody>\r\n    </table>\r\n    <h3 class=\"text-primary mb-4\">하드웨어</h3>\r\n    <table class=\"table table-bordered table-striped\">\r\n        <tbody>\r\n            <tr>\r\n                <th scope=\"row\">관리 인터페이스</th>\r\n                <td>이더넷 인밴드</td>\r\n            </tr>\r\n            <tr>\r\n                <th scope=\"row\">네트워킹 인터페이스</th>\r\n                <td>(16) GbE RJ45 포트</td>\r\n            </tr>\r\n            <tr>\r\n                <th scope=\"row\">PoE 인터페이스</th>\r\n                <td>(8) PoE/PoE+ (핀 1, 2+; 3, 6-)</td>\r\n            </tr>\r\n            <tr>\r\n                <th scope=\"row\">총 논블로킹 처리량</th>\r\n                <td>16 Gbps</td>\r\n            </tr>\r\n            <tr>\r\n                <th scope=\"row\">스위칭 용량</th>\r\n                <td>32 Gbps</td>\r\n            </tr>\r\n            <tr>\r\n                <th scope=\"row\">포워딩 속도</th>\r\n                <td>23.808 Mpps</td>\r\n            </tr>\r\n            <tr>\r\n                <th scope=\"row\">전원 방식</th>\r\n                <td>유니버설 입력, 100—240V AC</td>\r\n            </tr>\r\n            <tr>\r\n                <th scope=\"row\">전원 공급</th>\r\n                <td>AC/DC 내부, 60W</td>\r\n            </tr>\r\n            <tr>\r\n                <th scope=\"row\">최대 전력 소비량</th>\r\n                <td>15W (PoE 출력 제외)</td>\r\n            </tr>\r\n            <tr>\r\n                <th scope=\"row\">사용 가능한 PoE 총 출력</th>\r\n                <td>45W</td>\r\n            </tr>\r\n            <tr>\r\n                <th scope=\"row\">포트당 PoE 출력 (PSE)</th>\r\n                <td>PoE+: 최대 30W</td>\r\n            </tr>\r\n            <tr>\r\n                <th scope=\"row\">버튼</th>\r\n                <td>공장 초기화</td>\r\n            </tr>\r\n            <tr>\r\n                <th scope=\"row\">작동 온도</th>\r\n                <td>-15 ~ 40° C (5 ~ 104° F)</td>\r\n            </tr>\r\n            <tr>\r\n                <th scope=\"row\">작동 습도</th>\r\n                <td>10 ~ 90% 비응축</td>\r\n            </tr>\r\n            <tr>\r\n                <th scope=\"row\">인증</th>\r\n                <td>CE, FCC, IC</td>\r\n            </tr>\r\n        </tbody>\r\n    </table>\r\n    <h3 class=\"text-primary mb-4\">스위칭 기능</h3>\r\n    <table class=\"table table-bordered table-striped\">\r\n        <tbody>\r\n            <tr>\r\n                <th scope=\"row\">Layer 2 기능</th>\r\n                <td>\r\n                    <ul class=\"list-unstyled mb-0\">\r\n                        <li>IGMP 스누핑</li>\r\n                        <li>STP / RSTP (우선순위 및 포트 수준 비활성화 포함)</li>\r\n                        <li>포트 격리</li>\r\n                        <li>스톰 컨트롤</li>\r\n                        <li>음성 VLAN</li>\r\n                        <li>포트 미러링</li>\r\n                        <li>LACP 포트 집계</li>\r\n                        <li>멀티캐스트 / 브로드캐스트 속도 제한</li>\r\n                        <li>MAC 주소 차단</li>\r\n                        <li>플로우 컨트롤</li>\r\n                        <li>802.1X 제어</li>\r\n                        <li>점보 프레임</li>\r\n                        <li>고유 루프 보호</li>\r\n                        <li>DHCP 스누핑 / 보호</li>\r\n                        <li>출력 속도 제한</li>\r\n                        <li>LLDP-MED</li>\r\n                        <li>MAC으로 제한된 포트</li>\r\n                        <li>ACL을 통한 기기 격리</li>\r\n                    </ul>\r\n                </td>\r\n            </tr>\r\n            <tr>\r\n                <th scope=\"row\">Layer 3 기능</th>\r\n                <td>–</td>\r\n            </tr>\r\n        </tbody>\r\n    </table>\r\n    <h3 class=\"text-primary mb-4\">LED</h3>\r\n    <table class=\"table table-bordered table-striped\">\r\n        <tbody>\r\n            <tr>\r\n                <th scope=\"row\">시스템</th>\r\n                <td>상태</td>\r\n            </tr>\r\n            <tr>\r\n                <th scope=\"row\">이더넷</th>\r\n                <td>PoE, 속도/링크/활동</td>\r\n            </tr>\r\n            <tr>\r\n                <th scope=\"row\">PoE</th>\r\n                <td>링크/활동</td>\r\n            </tr>\r\n        </tbody>\r\n    </table>\r\n    <h3 class=\"text-primary mb-4\">애플리케이션 요구사항</h3>\r\n    <table class=\"table table-bordered table-striped\">\r\n        <tbody>\r\n            <tr>\r\n                <th scope=\"row\">UniFi Network</th>\r\n                <td>버전 7.2.94 이상</td>\r\n            </tr>\r\n        </tbody>\r\n    </table>\r\n</div>'),(10,'Ultra 210W',300000,'switching','<div class=\"product-description mt-5\">\r\n    <h3 class=\"text-primary mb-4\">기계적 사양</h3>\r\n    <table class=\"table table-bordered table-striped\">\r\n        <tbody>\r\n            <tr>\r\n                <th scope=\"row\">크기</th>\r\n                <td>203 x 76 x 33 mm (8 x 3 x 1.3\")</td>\r\n            </tr>\r\n            <tr>\r\n                <th scope=\"row\">무게</th>\r\n                <td>\r\n                    기기: 320 g (11.3 oz)<br>\r\n                    벽걸이 마운트: 45 g (1.6 oz)<br>\r\n                    210W 어댑터: 770 g (1.7 lb)\r\n                </td>\r\n            </tr>\r\n            <tr>\r\n                <th scope=\"row\">재질</th>\r\n                <td>폴리카보네이트</td>\r\n            </tr>\r\n        </tbody>\r\n    </table>\r\n    <h3 class=\"text-primary mb-4\">하드웨어</h3>\r\n    <table class=\"table table-bordered table-striped\">\r\n        <tbody>\r\n            <tr>\r\n                <th scope=\"row\">관리 인터페이스</th>\r\n                <td>이더넷 인밴드</td>\r\n            </tr>\r\n            <tr>\r\n                <th scope=\"row\">네트워킹 인터페이스</th>\r\n                <td>(8) GbE RJ45 포트</td>\r\n            </tr>\r\n            <tr>\r\n                <th scope=\"row\">PoE 인터페이스</th>\r\n                <td>\r\n                    <ul class=\"list-unstyled mb-0\">\r\n                        <li>(7) PoE/PoE+ (핀 1, 2+; 3, 6-)</li>\r\n                        <li>(1) PoE++ (핀 A 1, 2+; 3, 6- 및 핀 B 4, 5+; 7, 8-)</li>\r\n                    </ul>\r\n                </td>\r\n            </tr>\r\n            <tr>\r\n                <th scope=\"row\">총 논블로킹 처리량</th>\r\n                <td>8 Gbps</td>\r\n            </tr>\r\n            <tr>\r\n                <th scope=\"row\">스위칭 용량</th>\r\n                <td>16 Gbps</td>\r\n            </tr>\r\n            <tr>\r\n                <th scope=\"row\">포워딩 속도</th>\r\n                <td>11.904 Mpps</td>\r\n            </tr>\r\n            <tr>\r\n                <th scope=\"row\">전원 방식</th>\r\n                <td>\r\n                    <ul class=\"list-unstyled mb-0\">\r\n                        <li>(1) 54V, 3.9A 전원 어댑터 (포함)</li>\r\n                        <li>PoE++ (핀 A 1, 2+; 3, 6- 및 핀 B 4, 5+; 7, 8-)</li>\r\n                    </ul>\r\n                </td>\r\n            </tr>\r\n            <tr>\r\n                <th scope=\"row\">전원 공급</th>\r\n                <td>54V, 외부, 3.9A/210W</td>\r\n            </tr>\r\n            <tr>\r\n                <th scope=\"row\">지원 전압 범위</th>\r\n                <td>44—57V DC</td>\r\n            </tr>\r\n            <tr>\r\n                <th scope=\"row\">최대 전력 소비량</th>\r\n                <td>\r\n                    PoE 입력: 9W (PoE 출력 제외)<br>\r\n                    AC 어댑터 입력: 8W (PoE 출력 제외)\r\n                </td>\r\n            </tr>\r\n            <tr>\r\n                <th scope=\"row\">PoE 총 출력</th>\r\n                <td>\r\n                    <ul class=\"list-unstyled mb-0\">\r\n                        <li>PoE++ 입력: 42W</li>\r\n                        <li>PoE+ 입력: 16W</li>\r\n                        <li>60W PoE 어댑터 입력: 42W</li>\r\n                        <li>60W AC 어댑터 입력: 52W</li>\r\n                        <li>210W AC 어댑터 입력: 202W*</li>\r\n                    </ul>\r\n                    <small>*운영 온도 45°C (113°F) 기준. 60°C (140°F)에서는 230V에서 161W, 115V에서 121W로 감소.</small>\r\n                </td>\r\n            </tr>\r\n            <tr>\r\n                <th scope=\"row\">포트당 PoE+ 출력 (PSE)</th>\r\n                <td>최대 30W</td>\r\n            </tr>\r\n            <tr>\r\n                <th scope=\"row\">버튼</th>\r\n                <td>공장 초기화</td>\r\n            </tr>\r\n            <tr>\r\n                <th scope=\"row\">작동 온도</th>\r\n                <td>\r\n                    <ul class=\"list-unstyled mb-0\">\r\n                        <li>PoE++ 입력: -30 ~ 60° C (-22 ~ 140° F)</li>\r\n                        <li>60W AC 어댑터 입력: -20 ~ 45° C (-4 ~ 113° F)</li>\r\n                        <li>210W AC 어댑터 입력: -20 ~ 60° C (-4 ~ 140° F)</li>\r\n                    </ul>\r\n                </td>\r\n            </tr>\r\n            <tr>\r\n                <th scope=\"row\">작동 습도</th>\r\n                <td>10 ~ 90% 비응축</td>\r\n            </tr>\r\n            <tr>\r\n                <th scope=\"row\">인증</th>\r\n                <td>CE, FCC, IC</td>\r\n            </tr>\r\n        </tbody>\r\n    </table>\r\n    <h3 class=\"text-primary mb-4\">스위칭 기능</h3>\r\n    <table class=\"table table-bordered table-striped\">\r\n        <tbody>\r\n            <tr>\r\n                <th scope=\"row\">Layer 2 기능</th>\r\n                <td>\r\n                    <ul class=\"list-unstyled mb-0\">\r\n                        <li>STP / RSTP (우선순위 및 포트 수준 비활성화 포함)</li>\r\n                        <li>포트 격리</li>\r\n                        <li>스톰 컨트롤</li>\r\n                        <li>포트 미러링</li>\r\n                        <li>멀티캐스트 / 브로드캐스트 속도 제한</li>\r\n                        <li>플로우 컨트롤</li>\r\n                        <li>점보 프레임</li>\r\n                        <li>출력 속도 제한</li>\r\n                    </ul>\r\n                </td>\r\n            </tr>\r\n            <tr>\r\n                <th scope=\"row\">Layer 3 기능</th>\r\n                <td>–</td>\r\n            </tr>\r\n        </tbody>\r\n    </table>\r\n    <h3 class=\"text-primary mb-4\">LED</h3>\r\n    <table class=\"table table-bordered table-striped\">\r\n        <tbody>\r\n            <tr>\r\n                <th scope=\"row\">시스템</th>\r\n                <td>상태</td>\r\n            </tr>\r\n            <tr>\r\n                <th scope=\"row\">이더넷</th>\r\n                <td>PoE, 링크/활동</td>\r\n            </tr>\r\n        </tbody>\r\n    </table>\r\n    <h3 class=\"text-primary mb-4\">애플리케이션 요구사항</h3>\r\n    <table class=\"table table-bordered table-striped\">\r\n        <tbody>\r\n            <tr>\r\n                <th scope=\"row\">UniFi Network</th>\r\n                <td>버전 8.0.7 이상</td>\r\n            </tr>\r\n        </tbody>\r\n    </table>\r\n</div>'),(11,'Enterprise 8 PoE',600000,'switching','<div class=\"product-description mt-5\">\r\n    <h3 class=\"text-primary mb-4\">기계적 사양</h3>\r\n    <table class=\"table table-bordered table-striped\">\r\n        <tbody>\r\n            <tr>\r\n                <th scope=\"row\">크기</th>\r\n                <td>200 x 248 x 44 mm (7.9 x 9.8 x 1.7\")</td>\r\n            </tr>\r\n            <tr>\r\n                <th scope=\"row\">무게</th>\r\n                <td>2.4 kg (5.3 lb)</td>\r\n            </tr>\r\n            <tr>\r\n                <th scope=\"row\">재질</th>\r\n                <td>폴리카보네이트</td>\r\n            </tr>\r\n            <tr>\r\n                <th scope=\"row\">설치 재질</th>\r\n                <td>폴리카보네이트</td>\r\n            </tr>\r\n        </tbody>\r\n    </table>\r\n    <h3 class=\"text-primary mb-4\">하드웨어</h3>\r\n    <table class=\"table table-bordered table-striped\">\r\n        <tbody>\r\n            <tr>\r\n                <th scope=\"row\">관리 인터페이스</th>\r\n                <td>이더넷 인밴드</td>\r\n            </tr>\r\n            <tr>\r\n                <th scope=\"row\">네트워킹 인터페이스</th>\r\n                <td>\r\n                    <ul class=\"list-unstyled mb-0\">\r\n                        <li>(8) 2.5 GbE RJ45 포트</li>\r\n                        <li>(2) 10G SFP+ 포트</li>\r\n                    </ul>\r\n                </td>\r\n            </tr>\r\n            <tr>\r\n                <th scope=\"row\">PoE 인터페이스</th>\r\n                <td>(8) PoE/PoE+ (핀 1, 2+; 3, 6-)</td>\r\n            </tr>\r\n            <tr>\r\n                <th scope=\"row\">총 논블로킹 처리량</th>\r\n                <td>40 Gbps</td>\r\n            </tr>\r\n            <tr>\r\n                <th scope=\"row\">스위칭 용량</th>\r\n                <td>80 Gbps</td>\r\n            </tr>\r\n            <tr>\r\n                <th scope=\"row\">포워딩 속도</th>\r\n                <td>59.52 Mpps</td>\r\n            </tr>\r\n            <tr>\r\n                <th scope=\"row\">전원 방식</th>\r\n                <td>유니버설 입력, 100—240V AC, 최대 2A, 50/60 Hz</td>\r\n            </tr>\r\n            <tr>\r\n                <th scope=\"row\">전원 공급</th>\r\n                <td>AC/DC 내부, 150W</td>\r\n            </tr>\r\n            <tr>\r\n                <th scope=\"row\">지원 전압 범위</th>\r\n                <td>100—240V AC</td>\r\n            </tr>\r\n            <tr>\r\n                <th scope=\"row\">PoE 총 출력</th>\r\n                <td>120W</td>\r\n            </tr>\r\n            <tr>\r\n                <th scope=\"row\">포트당 최대 PoE+ 출력</th>\r\n                <td>32W</td>\r\n            </tr>\r\n            <tr>\r\n                <th scope=\"row\">PoE 모드 전압 범위</th>\r\n                <td>\r\n                    <ul class=\"list-unstyled mb-0\">\r\n                        <li>PoE: 44—57V</li>\r\n                        <li>PoE+: 50—57V</li>\r\n                    </ul>\r\n                </td>\r\n            </tr>\r\n            <tr>\r\n                <th scope=\"row\">LCM 디스플레이</th>\r\n                <td>1.3\" 컬러 터치스크린</td>\r\n            </tr>\r\n            <tr>\r\n                <th scope=\"row\">설치 방법</th>\r\n                <td>데스크톱 설치 (USW-Enterprise-8-PoE를 물리적으로 쌓아두지 마세요)</td>\r\n            </tr>\r\n            <tr>\r\n                <th scope=\"row\">ESD/EMP 보호</th>\r\n                <td>공기: ±16kV, 접촉: ±12kV</td>\r\n            </tr>\r\n            <tr>\r\n                <th scope=\"row\">작동 온도</th>\r\n                <td>-5 ~ 45° C (23 ~ 113° F)</td>\r\n            </tr>\r\n            <tr>\r\n                <th scope=\"row\">작동 습도</th>\r\n                <td>10 ~ 90% 비응축</td>\r\n            </tr>\r\n            <tr>\r\n                <th scope=\"row\">인증</th>\r\n                <td>CE, FCC, IC</td>\r\n            </tr>\r\n        </tbody>\r\n    </table>\r\n    <h3 class=\"text-primary mb-4\">스위칭 기능</h3>\r\n    <table class=\"table table-bordered table-striped\">\r\n        <tbody>\r\n            <tr>\r\n                <th scope=\"row\">Layer 2 기능</th>\r\n                <td>\r\n                    <ul class=\"list-unstyled mb-0\">\r\n                        <li>IGMP 스누핑</li>\r\n                        <li>STP / RSTP (우선순위 및 포트 수준 비활성화 포함)</li>\r\n                        <li>포트 격리</li>\r\n                        <li>스톰 컨트롤</li>\r\n                        <li>음성 VLAN</li>\r\n                        <li>포트 미러링</li>\r\n                        <li>LACP 포트 집계</li>\r\n                        <li>멀티캐스트 / 브로드캐스트 속도 제한</li>\r\n                        <li>MAC 주소 차단</li>\r\n                        <li>플로우 컨트롤</li>\r\n                        <li>802.1X 제어</li>\r\n                        <li>점보 프레임</li>\r\n                        <li>고유 루프 보호</li>\r\n                        <li>DHCP 스누핑 / 보호</li>\r\n                        <li>출력 속도 제한</li>\r\n                        <li>LLDP-MED</li>\r\n                        <li>MAC으로 제한된 포트</li>\r\n                        <li>ACL을 통한 기기 격리</li>\r\n                    </ul>\r\n                </td>\r\n            </tr>\r\n            <tr>\r\n                <th scope=\"row\">Layer 3 기능</th>\r\n                <td>\r\n                    <ul class=\"list-unstyled mb-0\">\r\n                        <li>로컬 네트워크를 위한 DHCP</li>\r\n                        <li>DHCP 릴레이</li>\r\n                        <li>동일 스위치 내 네트워크 간 인터 VLAN 라우팅</li>\r\n                        <li>로컬 네트워크 간 정적 라우팅</li>\r\n                    </ul>\r\n                </td>\r\n            </tr>\r\n        </tbody>\r\n    </table>\r\n    <h3 class=\"text-primary mb-4\">LED</h3>\r\n    <table class=\"table table-bordered table-striped\">\r\n        <tbody>\r\n            <tr>\r\n                <th scope=\"row\">시스템</th>\r\n                <td>상태</td>\r\n            </tr>\r\n            <tr>\r\n                <th scope=\"row\">이더넷</th>\r\n                <td>링크/활동</td>\r\n            </tr>\r\n            <tr>\r\n                <th scope=\"row\">SFP+</th>\r\n                <td>링크/활동</td>\r\n            </tr>\r\n        </tbody>\r\n    </table>\r\n    <h3 class=\"text-primary mb-4\">애플리케이션 요구사항</h3>\r\n    <table class=\"table table-bordered table-striped\">\r\n        <tbody>\r\n            <tr>\r\n                <th scope=\"row\">UniFi Network</th>\r\n                <td>버전 6.3.51 이상</td>\r\n            </tr>\r\n        </tbody>\r\n    </table>\r\n</div>'),(12,'Standard 24 PoE',500000,'switching','<div class=\"product-description mt-5\">\r\n    <h3 class=\"text-primary mb-4\">기계적 사양</h3>\r\n    <table class=\"table table-bordered table-striped\">\r\n        <tbody>\r\n            <tr>\r\n                <th scope=\"row\">크기</th>\r\n                <td>442 x 200 x 44 mm (17.4 x 7.9 x 1.7\")</td>\r\n            </tr>\r\n            <tr>\r\n                <th scope=\"row\">무게</th>\r\n                <td>\r\n                    마운팅 브래킷 제외: 3 kg (6.6 lb)<br>\r\n                    마운팅 브래킷 포함: 3.1 kg (6.8 lb)\r\n                </td>\r\n            </tr>\r\n            <tr>\r\n                <th scope=\"row\">재질</th>\r\n                <td>SGCC 강철</td>\r\n            </tr>\r\n        </tbody>\r\n    </table>\r\n    <h3 class=\"text-primary mb-4\">하드웨어</h3>\r\n    <table class=\"table table-bordered table-striped\">\r\n        <tbody>\r\n            <tr>\r\n                <th scope=\"row\">관리 인터페이스</th>\r\n                <td>이더넷 인밴드</td>\r\n            </tr>\r\n            <tr>\r\n                <th scope=\"row\">네트워킹 인터페이스</th>\r\n                <td>\r\n                    <ul class=\"list-unstyled mb-0\">\r\n                        <li>(24) GbE RJ45 포트</li>\r\n                        <li>(2) 1G SFP 포트</li>\r\n                    </ul>\r\n                </td>\r\n            </tr>\r\n            <tr>\r\n                <th scope=\"row\">PoE 인터페이스</th>\r\n                <td>(16) PoE/PoE+ (핀 1, 2+; 3, 6-)</td>\r\n            </tr>\r\n            <tr>\r\n                <th scope=\"row\">총 논블로킹 처리량</th>\r\n                <td>26 Gbps</td>\r\n            </tr>\r\n            <tr>\r\n                <th scope=\"row\">스위칭 용량</th>\r\n                <td>52 Gbps</td>\r\n            </tr>\r\n            <tr>\r\n                <th scope=\"row\">포워딩 속도</th>\r\n                <td>38.69 Mpps</td>\r\n            </tr>\r\n            <tr>\r\n                <th scope=\"row\">전원 방식</th>\r\n                <td>유니버설 입력, 100—240V AC, 50/60 Hz</td>\r\n            </tr>\r\n            <tr>\r\n                <th scope=\"row\">전원 공급</th>\r\n                <td>AC/DC 내부, 120W</td>\r\n            </tr>\r\n            <tr>\r\n                <th scope=\"row\">지원 전압 범위</th>\r\n                <td>100—240V AC</td>\r\n            </tr>\r\n            <tr>\r\n                <th scope=\"row\">최대 전력 소비량</th>\r\n                <td>25W (PoE 출력 제외)</td>\r\n            </tr>\r\n            <tr>\r\n                <th scope=\"row\">PoE 총 출력</th>\r\n                <td>95W</td>\r\n            </tr>\r\n            <tr>\r\n                <th scope=\"row\">포트당 최대 PoE+ 출력</th>\r\n                <td>32W</td>\r\n            </tr>\r\n            <tr>\r\n                <th scope=\"row\">PoE 모드 전압 범위</th>\r\n                <td>\r\n                    <ul class=\"list-unstyled mb-0\">\r\n                        <li>PoE: 44—57V</li>\r\n                        <li>PoE+: 50—57V</li>\r\n                    </ul>\r\n                </td>\r\n            </tr>\r\n            <tr>\r\n                <th scope=\"row\">ESD/EMP 보호</th>\r\n                <td>공기: ±16kV, 접촉: ±12kV</td>\r\n            </tr>\r\n            <tr>\r\n                <th scope=\"row\">LCM 디스플레이</th>\r\n                <td>1.3\" 터치스크린</td>\r\n            </tr>\r\n            <tr>\r\n                <th scope=\"row\">버튼</th>\r\n                <td>공장 초기화</td>\r\n            </tr>\r\n            <tr>\r\n                <th scope=\"row\">충격 및 진동</th>\r\n                <td>ETSI300-019-1.4 표준</td>\r\n            </tr>\r\n            <tr>\r\n                <th scope=\"row\">작동 온도</th>\r\n                <td>-5 ~ 40° C (23 ~ 104° F)</td>\r\n            </tr>\r\n            <tr>\r\n                <th scope=\"row\">작동 습도</th>\r\n                <td>10 ~ 90% 비응축</td>\r\n            </tr>\r\n            <tr>\r\n                <th scope=\"row\">인증</th>\r\n                <td>CE, FCC, IC</td>\r\n            </tr>\r\n        </tbody>\r\n    </table>\r\n    <h3 class=\"text-primary mb-4\">스위칭 기능</h3>\r\n    <table class=\"table table-bordered table-striped\">\r\n        <tbody>\r\n            <tr>\r\n                <th scope=\"row\">Layer 2 기능</th>\r\n                <td>\r\n                    <ul class=\"list-unstyled mb-0\">\r\n                        <li>IGMP 스누핑</li>\r\n                        <li>STP / RSTP (우선순위 및 포트 수준 비활성화 포함)</li>\r\n                        <li>포트 격리</li>\r\n                        <li>스톰 컨트롤</li>\r\n                        <li>음성 VLAN</li>\r\n                        <li>포트 미러링</li>\r\n                        <li>LACP 포트 집계</li>\r\n                        <li>멀티캐스트 / 브로드캐스트 속도 제한</li>\r\n                        <li>MAC 주소 차단</li>\r\n                        <li>플로우 컨트롤</li>\r\n                        <li>802.1X 제어</li>\r\n                        <li>점보 프레임</li>\r\n                        <li>고유 루프 보호</li>\r\n                        <li>DHCP 스누핑 / 보호</li>\r\n                        <li>출력 속도 제한</li>\r\n                        <li>LLDP-MED</li>\r\n                        <li>MAC으로 제한된 포트</li>\r\n                        <li>ACL을 통한 기기 격리</li>\r\n                    </ul>\r\n                </td>\r\n            </tr>\r\n            <tr>\r\n                <th scope=\"row\">Layer 3 기능</th>\r\n                <td>–</td>\r\n            </tr>\r\n        </tbody>\r\n    </table>\r\n    <h3 class=\"text-primary mb-4\">LED</h3>\r\n    <table class=\"table table-bordered table-striped\">\r\n        <tbody>\r\n            <tr>\r\n                <th scope=\"row\">시스템</th>\r\n                <td>상태</td>\r\n            </tr>\r\n            <tr>\r\n                <th scope=\"row\">이더넷</th>\r\n                <td>PoE, 속도/링크/활동</td>\r\n            </tr>\r\n            <tr>\r\n                <th scope=\"row\">SFP</th>\r\n                <td>링크/활동</td>\r\n            </tr>\r\n        </tbody>\r\n    </table>\r\n    <h3 class=\"text-primary mb-4\">애플리케이션 요구사항</h3>\r\n    <table class=\"table table-bordered table-striped\">\r\n        <tbody>\r\n            <tr>\r\n                <th scope=\"row\">UniFi Network</th>\r\n                <td>버전 7.2.94 이상</td>\r\n            </tr>\r\n        </tbody>\r\n    </table>\r\n</div>'),(13,'Enterprise Campus 48 PoE',2400000,'switching','<div class=\"product-description mt-5\">\r\n    <h3 class=\"text-primary mb-4\">기계적 사양</h3>\r\n    <table class=\"table table-bordered table-striped\">\r\n        <tbody>\r\n            <tr>\r\n                <th scope=\"row\">크기</th>\r\n                <td>442 x 496 x 44 mm (17.4 x 19.5 x 1.7\")</td>\r\n            </tr>\r\n            <tr>\r\n                <th scope=\"row\">무게</th>\r\n                <td>\r\n                    마운팅 브래킷 제외: 9.5 kg (20.9 lb)<br>\r\n                    마운팅 브래킷 포함: 9.6 kg (21.1 lb)\r\n                </td>\r\n            </tr>\r\n            <tr>\r\n                <th scope=\"row\">재질</th>\r\n                <td>SGCC 강철</td>\r\n            </tr>\r\n            <tr>\r\n                <th scope=\"row\">슬라이드 레일 지원</th>\r\n                <td>레일은 482.6 mm (19\")의 네 개의 포스트 랙을 지원하며, 650 ~ 1,000 mm (25.6 ~ 39.4”) 깊이를 가지는 포스트에 적합</td>\r\n            </tr>\r\n        </tbody>\r\n    </table>\r\n    <h3 class=\"text-primary mb-4\">하드웨어</h3>\r\n    <table class=\"table table-bordered table-striped\">\r\n        <tbody>\r\n            <tr>\r\n                <th scope=\"row\">관리 인터페이스</th>\r\n                <td>이더넷 인밴드</td>\r\n            </tr>\r\n            <tr>\r\n                <th scope=\"row\">네트워킹 인터페이스</th>\r\n                <td>\r\n                    <ul class=\"list-unstyled mb-0\">\r\n                        <li>(32) 10/5/2.5/1 GbE, 100/10 MbE RJ45 포트</li>\r\n                        <li>(16) 2.5/1 GbE, 100/10 MbE RJ45 포트</li>\r\n                        <li>(4) 25/10/1G SFP28 포트</li>\r\n                    </ul>\r\n                </td>\r\n            </tr>\r\n            <tr>\r\n                <th scope=\"row\">PoE 인터페이스</th>\r\n                <td>(48) 90W PoE+++ (핀 A 1, 2+; 3, 6-) (핀 B 4, 5+; 7, 8-)<br><small>*802.3bt 타입 4, 클래스 8</small></td>\r\n            </tr>\r\n            <tr>\r\n                <th scope=\"row\">총 논블로킹 처리량</th>\r\n                <td>460 Gbps</td>\r\n            </tr>\r\n            <tr>\r\n                <th scope=\"row\">스위칭 용량</th>\r\n                <td>920 Gbps</td>\r\n            </tr>\r\n            <tr>\r\n                <th scope=\"row\">포워딩 속도</th>\r\n                <td>684.48 Mpps</td>\r\n            </tr>\r\n            <tr>\r\n                <th scope=\"row\">전원 방식</th>\r\n                <td>(2) 유니버설 입력, 100—240V AC, 50/60 Hz</td>\r\n            </tr>\r\n            <tr>\r\n                <th scope=\"row\">전원 공급</th>\r\n                <td>(2) 핫스왑 가능 AC/DC 1,200W 전원 모듈</td>\r\n            </tr>\r\n            <tr>\r\n                <th scope=\"row\">최대 전력 소비량</th>\r\n                <td>\r\n                    PoE 출력 제외: 250W<br>\r\n                    PoE 출력 포함: 2,400W\r\n                </td>\r\n            </tr>\r\n            <tr>\r\n                <th scope=\"row\">PoE 총 출력</th>\r\n                <td>950W</td>\r\n            </tr>\r\n            <tr>\r\n                <th scope=\"row\">포트당 최대 PoE+++ 출력</th>\r\n                <td>90W</td>\r\n            </tr>\r\n            <tr>\r\n                <th scope=\"row\">PoE 모드 전압 범위</th>\r\n                <td>50—57V</td>\r\n            </tr>\r\n            <tr>\r\n                <th scope=\"row\">팬 방식</th>\r\n                <td>(4) 핫스왑 가능 팬 모듈<br><small>*팬 모듈은 3+1 이중화로 작동</small></td>\r\n            </tr>\r\n            <tr>\r\n                <th scope=\"row\">LCM 디스플레이</th>\r\n                <td>1.3\" 터치스크린</td>\r\n            </tr>\r\n            <tr>\r\n                <th scope=\"row\">버튼</th>\r\n                <td>공장 초기화</td>\r\n            </tr>\r\n            <tr>\r\n                <th scope=\"row\">작동 온도</th>\r\n                <td>-5 ~ 40° C (23 ~ 104° F)</td>\r\n            </tr>\r\n            <tr>\r\n                <th scope=\"row\">작동 습도</th>\r\n                <td>10 ~ 90% 비응축</td>\r\n            </tr>\r\n            <tr>\r\n                <th scope=\"row\">인증</th>\r\n                <td>CE, FCC, IC</td>\r\n            </tr>\r\n        </tbody>\r\n    </table>\r\n    <h3 class=\"text-primary mb-4\">스위칭 기능</h3>\r\n    <table class=\"table table-bordered table-striped\">\r\n        <tbody>\r\n            <tr>\r\n                <th scope=\"row\">Layer 2 기능</th>\r\n                <td>\r\n                    <ul class=\"list-unstyled mb-0\">\r\n                        <li>IGMP 스누핑</li>\r\n                        <li>STP / RSTP (우선순위 및 포트 수준 비활성화 포함)</li>\r\n                        <li>포트 격리</li>\r\n                        <li>스톰 컨트롤</li>\r\n                        <li>음성 VLAN</li>\r\n                        <li>포트 미러링</li>\r\n                        <li>LACP 포트 집계</li>\r\n                        <li>멀티캐스트 / 브로드캐스트 속도 제한</li>\r\n                        <li>MAC 주소 차단</li>\r\n                        <li>플로우 컨트롤</li>\r\n                        <li>802.1X 제어</li>\r\n                        <li>점보 프레임</li>\r\n                        <li>고유 루프 보호</li>\r\n                        <li>DHCP 스누핑 / 보호</li>\r\n                        <li>출력 속도 제한</li>\r\n                        <li>LLDP-MED</li>\r\n                        <li>MAC으로 제한된 포트</li>\r\n                        <li>ACL을 통한 기기 격리</li>\r\n                    </ul>\r\n                </td>\r\n            </tr>\r\n            <tr>\r\n                <th scope=\"row\">Layer 3 기능</th>\r\n                <td>\r\n                    <ul class=\"list-unstyled mb-0\">\r\n                        <li>로컬 네트워크를 위한 DHCP</li>\r\n                        <li>DHCP 릴레이</li>\r\n                        <li>동일 스위치 내 네트워크 간 인터 VLAN 라우팅</li>\r\n                        <li>로컬 네트워크 간 정적 라우팅</li>\r\n                        <li>ACL을 통한 네트워크 격리</li>\r\n                    </ul>\r\n                </td>\r\n            </tr>\r\n        </tbody>\r\n    </table>\r\n    <h3 class=\"text-primary mb-4\">LED</h3>\r\n    <table class=\"table table-bordered table-striped\">\r\n        <tbody>\r\n            <tr>\r\n                <th scope=\"row\">시스템</th>\r\n                <td>상태</td>\r\n            </tr>\r\n            <tr>\r\n                <th scope=\"row\">이더넷</th>\r\n                <td>링크/활동</td>\r\n            </tr>\r\n            <tr>\r\n                <th scope=\"row\">SFP28</th>\r\n                <td>링크/활동</td>\r\n            </tr>\r\n        </tbody>\r\n    </table>\r\n</div>'),(14,'Enterprise Campus Aggregation',5800000,'switching','<div class=\"product-description mt-5\">\r\n    <h3 class=\"text-primary mb-4\">기계적 사양</h3>\r\n    <table class=\"table table-bordered table-striped\">\r\n        <tbody>\r\n            <tr>\r\n                <th scope=\"row\">크기</th>\r\n                <td>442.4 x 43.7 x 496 mm (17.4 x 1.7 x 19.5\")</td>\r\n            </tr>\r\n            <tr>\r\n                <th scope=\"row\">무게</th>\r\n                <td>9.9 kg (21.8 lb)</td>\r\n            </tr>\r\n            <tr>\r\n                <th scope=\"row\">재질</th>\r\n                <td>SGCC 강철</td>\r\n            </tr>\r\n            <tr>\r\n                <th scope=\"row\">슬라이드 레일 지원</th>\r\n                <td>레일은 482.6 mm (19\")의 네 개의 포스트 랙을 지원하며, 650 ~ 1,000 mm (25.6 ~ 39.4\") 깊이를 가지는 포스트에 적합</td>\r\n            </tr>\r\n        </tbody>\r\n    </table>\r\n    <h3 class=\"text-primary mb-4\">하드웨어</h3>\r\n    <table class=\"table table-bordered table-striped\">\r\n        <tbody>\r\n            <tr>\r\n                <th scope=\"row\">관리 인터페이스</th>\r\n                <td>이더넷 인밴드</td>\r\n            </tr>\r\n            <tr>\r\n                <th scope=\"row\">네트워킹 인터페이스</th>\r\n                <td>\r\n                    <ul class=\"list-unstyled mb-0\">\r\n                        <li>(6) 100/40G QSFP28 포트</li>\r\n                        <li>(48) 25/10G SFP28 포트*</li>\r\n                        <li><small>1 Gbps 포트 속도는 지원되지 않음</small></li>\r\n                    </ul>\r\n                </td>\r\n            </tr>\r\n            <tr>\r\n                <th scope=\"row\">총 논블로킹 처리량</th>\r\n                <td>1.8 Tbps</td>\r\n            </tr>\r\n            <tr>\r\n                <th scope=\"row\">스위칭 용량</th>\r\n                <td>3.6 Tbps</td>\r\n            </tr>\r\n            <tr>\r\n                <th scope=\"row\">포워딩 속도</th>\r\n                <td>2.3 Bpps</td>\r\n            </tr>\r\n            <tr>\r\n                <th scope=\"row\">전원 방식</th>\r\n                <td>(2) 유니버설 입력, 100—240V AC</td>\r\n            </tr>\r\n            <tr>\r\n                <th scope=\"row\">전원 공급</th>\r\n                <td>(2) 핫스왑 가능 AC/DC 550W 전원 모듈</td>\r\n            </tr>\r\n            <tr>\r\n                <th scope=\"row\">지원 전압 범위</th>\r\n                <td>100—240V AC</td>\r\n            </tr>\r\n            <tr>\r\n                <th scope=\"row\">최대 전력 소비량</th>\r\n                <td>340W</td>\r\n            </tr>\r\n            <tr>\r\n                <th scope=\"row\">ESD/EMP 보호</th>\r\n                <td>공기: ±12kV, 접촉: ±8kV</td>\r\n            </tr>\r\n            <tr>\r\n                <th scope=\"row\">서비스</th>\r\n                <td>SMB Layer3 100G/25G 파이버 스위치</td>\r\n            </tr>\r\n            <tr>\r\n                <th scope=\"row\">LCM 디스플레이</th>\r\n                <td>1.3\" 터치스크린</td>\r\n            </tr>\r\n            <tr>\r\n                <th scope=\"row\">작동 온도</th>\r\n                <td>-5 ~ 40° C (23 ~ 104° F)</td>\r\n            </tr>\r\n            <tr>\r\n                <th scope=\"row\">작동 습도</th>\r\n                <td>10 ~ 95% 비응축</td>\r\n            </tr>\r\n            <tr>\r\n                <th scope=\"row\">인증</th>\r\n                <td>CE, FCC, IC</td>\r\n            </tr>\r\n        </tbody>\r\n    </table>\r\n    <h3 class=\"text-primary mb-4\">스위칭 기능</h3>\r\n    <table class=\"table table-bordered table-striped\">\r\n        <tbody>\r\n            <tr>\r\n                <th scope=\"row\">Layer 2 기능</th>\r\n                <td>\r\n                    <ul class=\"list-unstyled mb-0\">\r\n                        <li>IGMP 스누핑</li>\r\n                        <li>STP / RSTP (우선순위 및 포트 수준 비활성화 포함)</li>\r\n                        <li>포트 격리</li>\r\n                        <li>스톰 컨트롤</li>\r\n                        <li>음성 VLAN</li>\r\n                        <li>포트 미러링</li>\r\n                        <li>LACP 포트 집계</li>\r\n                        <li>멀티캐스트 / 브로드캐스트 속도 제한</li>\r\n                        <li>MAC 주소 차단</li>\r\n                        <li>플로우 컨트롤</li>\r\n                        <li>점보 프레임</li>\r\n                        <li>고유 루프 보호</li>\r\n                        <li>DHCP 스누핑 / 보호</li>\r\n                        <li>출력 속도 제한</li>\r\n                        <li>LLDP-MED</li>\r\n                        <li>MAC으로 제한된 포트</li>\r\n                        <li>ACL을 통한 기기 격리</li>\r\n                        <li>MC-LAG 지원</li>\r\n                    </ul>\r\n                </td>\r\n            </tr>\r\n            <tr>\r\n                <th scope=\"row\">Layer 3 기능</th>\r\n                <td>\r\n                    <ul class=\"list-unstyled mb-0\">\r\n                        <li>로컬 네트워크를 위한 DHCP</li>\r\n                        <li>DHCP 릴레이</li>\r\n                        <li>동일 스위치 내 네트워크 간 인터 VLAN 라우팅</li>\r\n                        <li>로컬 네트워크 간 정적 라우팅</li>\r\n                        <li>자동 장애 조치 (VRRP)*</li>\r\n                        <li><small>*지원은 다음 UniFi Network Application 릴리스에 예정</small></li>\r\n                    </ul>\r\n                </td>\r\n            </tr>\r\n        </tbody>\r\n    </table>\r\n    <h3 class=\"text-primary mb-4\">Etherlighting™</h3>\r\n    <table class=\"table table-bordered table-striped\">\r\n        <tbody>\r\n            <tr>\r\n                <th scope=\"row\">SFP28/QSFP28</th>\r\n                <td>\r\n                    <ul class=\"list-unstyled mb-0\">\r\n                        <li>위치 표시</li>\r\n                        <li>속도/링크</li>\r\n                        <li>네이티브 VLAN/네트워크</li>\r\n                    </ul>\r\n                </td>\r\n            </tr>\r\n        </tbody>\r\n    </table>\r\n    <h3 class=\"text-primary mb-4\">LED</h3>\r\n    <table class=\"table table-bordered table-striped\">\r\n        <tbody>\r\n            <tr>\r\n                <th scope=\"row\">시스템</th>\r\n                <td>상태</td>\r\n            </tr>\r\n        </tbody>\r\n    </table>\r\n    <h3 class=\"text-primary mb-4\">애플리케이션 요구사항</h3>\r\n    <table class=\"table table-bordered table-striped\">\r\n        <tbody>\r\n            <tr>\r\n                <th scope=\"row\">UniFi Network</th>\r\n                <td>버전 8.5.6 이상</td>\r\n            </tr>\r\n        </tbody>\r\n    </table>\r\n</div>'),(15,'U7 Outdoor',210000,'wifi','<div class=\"product-description mt-5\">\r\n    <h3 class=\"text-primary mb-4\">기계적 사양</h3>\r\n    <table class=\"table table-bordered table-striped\">\r\n        <tbody>\r\n            <tr>\r\n                <th scope=\"row\">크기</th>\r\n                <td>170 x 208 x 54.5 mm (6.7 x 8.2 x 2.1\")</td>\r\n            </tr>\r\n            <tr>\r\n                <th scope=\"row\">무게</th>\r\n                <td>1.2 kg (2.6 lb)</td>\r\n            </tr>\r\n            <tr>\r\n                <th scope=\"row\">재질</th>\r\n                <td>UV 안정화 폴리카보네이트, 알루미늄 합금</td>\r\n            </tr>\r\n            <tr>\r\n                <th scope=\"row\">설치 재질</th>\r\n                <td>폴리카보네이트, SGCC 강철</td>\r\n            </tr>\r\n            <tr>\r\n                <th scope=\"row\">폴 마운트 직경</th>\r\n                <td>25–60 mm (1–2.36\") 파이프 외경</td>\r\n            </tr>\r\n            <tr>\r\n                <th scope=\"row\">풍속 내구성</th>\r\n                <td>74.6 N at 200 km/h (16.8 lbf at 125 mph)</td>\r\n            </tr>\r\n            <tr>\r\n                <th scope=\"row\">방수 등급</th>\r\n                <td>IPX6</td>\r\n            </tr>\r\n        </tbody>\r\n    </table>\r\n    <h3 class=\"text-primary mb-4\">하드웨어</h3>\r\n    <table class=\"table table-bordered table-striped\">\r\n        <tbody>\r\n            <tr>\r\n                <th scope=\"row\">네트워킹 인터페이스</th>\r\n                <td>(1) 1/2.5 GbE RJ45 포트</td>\r\n            </tr>\r\n            <tr>\r\n                <th scope=\"row\">관리 인터페이스</th>\r\n                <td>이더넷</td>\r\n            </tr>\r\n            <tr>\r\n                <th scope=\"row\">전원 방식</th>\r\n                <td>PoE+</td>\r\n            </tr>\r\n            <tr>\r\n                <th scope=\"row\">전원 공급</th>\r\n                <td>UniFi PoE 스위치</td>\r\n            </tr>\r\n            <tr>\r\n                <th scope=\"row\">지원 전압 범위</th>\r\n                <td>42.5—57V DC</td>\r\n            </tr>\r\n            <tr>\r\n                <th scope=\"row\">최대 전력 소비량</th>\r\n                <td>19W</td>\r\n            </tr>\r\n            <tr>\r\n                <th scope=\"row\">최대 TX 출력</th>\r\n                <td>\r\n                    <ul class=\"list-unstyled mb-0\">\r\n                        <li>2.4 GHz: 23 dBm</li>\r\n                        <li>5 GHz: 26 dBm</li>\r\n                        <li>6 GHz: –</li>\r\n                    </ul>\r\n                </td>\r\n            </tr>\r\n            <tr>\r\n                <th scope=\"row\">MIMO</th>\r\n                <td>\r\n                    <ul class=\"list-unstyled mb-0\">\r\n                        <li>2.4 GHz: 2 x 2 (DL/UL MU-MIMO)</li>\r\n                        <li>5 GHz: 2 x 2 (DL/UL MU-MIMO)</li>\r\n                        <li>6 GHz: –</li>\r\n                    </ul>\r\n                </td>\r\n            </tr>\r\n            <tr>\r\n                <th scope=\"row\">최대 데이터 속도</th>\r\n                <td>\r\n                    <ul class=\"list-unstyled mb-0\">\r\n                        <li>2.4 GHz: 688 Mbps (BW40)</li>\r\n                        <li>5 GHz: 4.3 Gbps (BW240)</li>\r\n                        <li>6 GHz: –</li>\r\n                    </ul>\r\n                </td>\r\n            </tr>\r\n            <tr>\r\n                <th scope=\"row\">안테나 이득</th>\r\n                <td>\r\n                    <ul class=\"list-unstyled mb-0\">\r\n                        <li>2.4 GHz: 내장 지향성 8 dBi / 외부 전방향 3 dBi</li>\r\n                        <li>5 GHz: 내장 지향성 12.5 dBi / 외부 전방향 4 dBi</li>\r\n                        <li>6 GHz: –</li>\r\n                    </ul>\r\n                </td>\r\n            </tr>\r\n            <tr>\r\n                <th scope=\"row\">안테나 빔폭</th>\r\n                <td>\r\n                    <ul class=\"list-unstyled mb-0\">\r\n                        <li>2.4 GHz: 90°</li>\r\n                        <li>5 GHz: 45°</li>\r\n                        <li>6 GHz: –</li>\r\n                    </ul>\r\n                </td>\r\n            </tr>\r\n            <tr>\r\n                <th scope=\"row\">안테나</th>\r\n                <td>\r\n                    <ul class=\"list-unstyled mb-0\">\r\n                        <li>(1) 내장 지향성 안테나</li>\r\n                        <li>(2) 외부 전방향 안테나</li>\r\n                        <li>(2) 외부 안테나용 RP-SMA 커넥터</li>\r\n                    </ul>\r\n                </td>\r\n            </tr>\r\n            <tr>\r\n                <th scope=\"row\">LED</th>\r\n                <td>\r\n                    <ul class=\"list-unstyled mb-0\">\r\n                        <li>(1) 전원: 흰색/파란색</li>\r\n                        <li>(4) 메시 신호: 파란색</li>\r\n                    </ul>\r\n                </td>\r\n            </tr>\r\n            <tr>\r\n                <th scope=\"row\">버튼</th>\r\n                <td>공장 초기화</td>\r\n            </tr>\r\n            <tr>\r\n                <th scope=\"row\">설치</th>\r\n                <td>벽, 천장, 폴 (포함됨)</td>\r\n            </tr>\r\n            <tr>\r\n                <th scope=\"row\">작동 온도</th>\r\n                <td>-30 ~ 60° C (-22 ~ 140° F)</td>\r\n            </tr>\r\n            <tr>\r\n                <th scope=\"row\">작동 습도</th>\r\n                <td>5 ~ 95% 비응축</td>\r\n            </tr>\r\n            <tr>\r\n                <th scope=\"row\">인증</th>\r\n                <td>CE, FCC, IC</td>\r\n            </tr>\r\n        </tbody>\r\n    </table>\r\n    <h3 class=\"text-primary mb-4\">소프트웨어</h3>\r\n    <table class=\"table table-bordered table-striped\">\r\n        <tbody>\r\n            <tr>\r\n                <th scope=\"row\">WiFi 표준</th>\r\n                <td>802.11a/b/g/n/ac/ax/be (WiFi 6, WiFi 7)</td>\r\n            </tr>\r\n            <tr>\r\n                <th scope=\"row\">무선 보안</th>\r\n                <td>WPA-PSK, WPA-Enterprise (WPA/WPA2/WPA3/PPSK)</td>\r\n            </tr>\r\n            <tr>\r\n                <th scope=\"row\">BSSID</th>\r\n                <td>무선 라디오당 8개</td>\r\n            </tr>\r\n            <tr>\r\n                <th scope=\"row\">VLAN</th>\r\n                <td>802.1Q</td>\r\n            </tr>\r\n            <tr>\r\n                <th scope=\"row\">고급 QoS</th>\r\n                <td>사용자별 속도 제한</td>\r\n            </tr>\r\n            <tr>\r\n                <th scope=\"row\">게스트 트래픽 격리</th>\r\n                <td>지원됨</td>\r\n            </tr>\r\n            <tr>\r\n                <th scope=\"row\">동시 클라이언트</th>\r\n                <td>200+ 개</td>\r\n            </tr>\r\n        </tbody>\r\n    </table>\r\n    <h3 class=\"text-primary mb-4\">지원 데이터 속도</h3>\r\n    <table class=\"table table-bordered table-striped\">\r\n        <tbody>\r\n            <tr>\r\n                <th scope=\"row\">802.11a</th>\r\n                <td>6, 9, 12, 18, 24, 36, 48, 54 Mbps</td>\r\n            </tr>\r\n            <tr>\r\n                <th scope=\"row\">802.11b</th>\r\n                <td>1, 2, 5.5, 11 Mbps</td>\r\n            </tr>\r\n            <tr>\r\n                <th scope=\"row\">802.11g</th>\r\n                <td>6, 9, 12, 18, 24, 36, 48, 54 Mbps</td>\r\n            </tr>\r\n            <tr>\r\n                <th scope=\"row\">802.11n</th>\r\n                <td>6.5 Mbps ~ 300 Mbps (MCS0 - MCS15, HT 20/40)</td>\r\n            </tr>\r\n            <tr>\r\n                <th scope=\"row\">802.11ac</th>\r\n                <td>6.5 Mbps ~ 1.7 Gbps (MCS0 - MCS9 NSS1/2, VHT 20/40/80/160)</td>\r\n            </tr>\r\n            <tr>\r\n                <th scope=\"row\">802.11ax (WiFi 6)</th>\r\n                <td>7.3 Mbps ~ 2.4 Gbps (MCS0 - MCS11 NSS1/2, HE 20/40/80/160)</td>\r\n            </tr>\r\n            <tr>\r\n                <th scope=\"row\">802.11be (WiFi 7)</th>\r\n                <td>7.3 Mbps ~ 4.3 Gbps (MCS0 - MCS13 NSS1/2, EHT 20/40/80/160/240)</td>\r\n            </tr>\r\n        </tbody>\r\n    </table>\r\n    <h3 class=\"text-primary mb-4\">애플리케이션 요구사항</h3>\r\n    <table class=\"table table-bordered table-striped\">\r\n        <tbody>\r\n            <tr>\r\n                <th scope=\"row\">UniFi Network</th>\r\n                <td>버전 8.3 이상</td>\r\n            </tr>\r\n        </tbody>\r\n    </table>\r\n</div>'),(16,'E7 Campus',1150000,'wifi','<div class=\"product-description mt-5\">\r\n    <h3 class=\"text-primary mb-4\">기계적 사양</h3>\r\n    <table class=\"table table-bordered table-striped\">\r\n        <tbody>\r\n            <tr>\r\n                <th scope=\"row\">크기</th>\r\n                <td>\r\n                    기기: 250 x 250 x 45.5 mm (9.8 x 9.8 x 1.8\")<br>\r\n                    관절형 마운트: Ø104 x 149.4 mm (Ø4.1 x 5.9\")\r\n                </td>\r\n            </tr>\r\n            <tr>\r\n                <th scope=\"row\">무게</th>\r\n                <td>\r\n                    기기: 2.2 kg (4.9 lb)<br>\r\n                    관절형 마운트: 0.9 kg (2 lb)\r\n                </td>\r\n            </tr>\r\n            <tr>\r\n                <th scope=\"row\">재질</th>\r\n                <td>UV 안정화 폴리카보네이트, 알루미늄 합금</td>\r\n            </tr>\r\n            <tr>\r\n                <th scope=\"row\">설치 재질</th>\r\n                <td>스테인리스 스틸, 알루미늄 합금</td>\r\n            </tr>\r\n            <tr>\r\n                <th scope=\"row\">폴 마운트 직경</th>\r\n                <td>1–2.5\" (25–63.5 mm) 파이프 외경</td>\r\n            </tr>\r\n            <tr>\r\n                <th scope=\"row\">풍속 내구성</th>\r\n                <td>164.75 N at 200 km/h (37 lbf at 125 mph)</td>\r\n            </tr>\r\n            <tr>\r\n                <th scope=\"row\">방수 등급</th>\r\n                <td>IPX6<br>방수 도어 키트 사용 시 IP67 (포함됨)</td>\r\n            </tr>\r\n        </tbody>\r\n    </table>\r\n    <h3 class=\"text-primary mb-4\">하드웨어</h3>\r\n    <table class=\"table table-bordered table-striped\">\r\n        <tbody>\r\n            <tr>\r\n                <th scope=\"row\">네트워킹 인터페이스</th>\r\n                <td>\r\n                    <ul class=\"list-unstyled mb-0\">\r\n                        <li>(1) 10 GbE RJ45 포트</li>\r\n                        <li>(1) 1 GbE RJ45 포트</li>\r\n                    </ul>\r\n                </td>\r\n            </tr>\r\n            <tr>\r\n                <th scope=\"row\">관리 인터페이스</th>\r\n                <td>이더넷</td>\r\n            </tr>\r\n            <tr>\r\n                <th scope=\"row\">전원 방식</th>\r\n                <td>PoE++</td>\r\n            </tr>\r\n            <tr>\r\n                <th scope=\"row\">전원 공급</th>\r\n                <td>UniFi PoE 스위치</td>\r\n            </tr>\r\n            <tr>\r\n                <th scope=\"row\">지원 전압 범위</th>\r\n                <td>42.5—57V DC</td>\r\n            </tr>\r\n            <tr>\r\n                <th scope=\"row\">최대 전력 소비량</th>\r\n                <td>44W</td>\r\n            </tr>\r\n            <tr>\r\n                <th scope=\"row\">최대 TX 출력</th>\r\n                <td>\r\n                    <ul class=\"list-unstyled mb-0\">\r\n                        <li>2.4 GHz: 23 dBm</li>\r\n                        <li>5 GHz: 30 dBm</li>\r\n                        <li>6 GHz: 30 dBm (36 dBm EIRP)*</li>\r\n                        <li><small>*6 GHz 확장 범위 모드 사용 시. FCC/IC 지역에서만 사용 가능</small></li>\r\n                    </ul>\r\n                </td>\r\n            </tr>\r\n            <tr>\r\n                <th scope=\"row\">MIMO</th>\r\n                <td>\r\n                    <ul class=\"list-unstyled mb-0\">\r\n                        <li>2.4 GHz: 2 x 2 (DL/UL MU-MIMO)</li>\r\n                        <li>5 GHz: 4 x 4 (DL/UL MU-MIMO)</li>\r\n                        <li>6 GHz: 4 x 4 (DL/UL MU-MIMO)</li>\r\n                    </ul>\r\n                </td>\r\n            </tr>\r\n            <tr>\r\n                <th scope=\"row\">최대 데이터 속도</th>\r\n                <td>\r\n                    <ul class=\"list-unstyled mb-0\">\r\n                        <li>2.4 GHz: 688 Mbps (BW40)</li>\r\n                        <li>5 GHz: 8.6 Gbps (BW240)</li>\r\n                        <li>6 GHz: 11.5 Gbps (BW320)</li>\r\n                    </ul>\r\n                </td>\r\n            </tr>\r\n            <tr>\r\n                <th scope=\"row\">안테나 이득</th>\r\n                <td>\r\n                    <ul class=\"list-unstyled mb-0\">\r\n                        <li>2.4 GHz: 9 dBi</li>\r\n                        <li>5 GHz: 12 dBi</li>\r\n                        <li>6 GHz: 12 dBi</li>\r\n                    </ul>\r\n                </td>\r\n            </tr>\r\n            <tr>\r\n                <th scope=\"row\">안테나</th>\r\n                <td>내장형 지향성 패턴</td>\r\n            </tr>\r\n            <tr>\r\n                <th scope=\"row\">LED</th>\r\n                <td>R/G/B</td>\r\n            </tr>\r\n            <tr>\r\n                <th scope=\"row\">버튼</th>\r\n                <td>공장 초기화</td>\r\n            </tr>\r\n            <tr>\r\n                <th scope=\"row\">설치</th>\r\n                <td>벽, 폴 또는 천장용 관절형 마운트 (포함됨)</td>\r\n            </tr>\r\n            <tr>\r\n                <th scope=\"row\">작동 온도</th>\r\n                <td>-30 ~ 60° C (-22 ~ 140° F)</td>\r\n            </tr>\r\n            <tr>\r\n                <th scope=\"row\">작동 습도</th>\r\n                <td>5 ~ 95% 비응축</td>\r\n            </tr>\r\n            <tr>\r\n                <th scope=\"row\">인증</th>\r\n                <td>FCC, IC</td>\r\n            </tr>\r\n        </tbody>\r\n    </table>\r\n    <h3 class=\"text-primary mb-4\">소프트웨어</h3>\r\n    <table class=\"table table-bordered table-striped\">\r\n        <tbody>\r\n            <tr>\r\n                <th scope=\"row\">WiFi 표준</th>\r\n                <td>802.11a/b/g/n/ac/ax/be (WiFi 6, WiFi 7)</td>\r\n            </tr>\r\n            <tr>\r\n                <th scope=\"row\">무선 보안</th>\r\n                <td>WPA-PSK, WPA-Enterprise (WPA/WPA2/WPA3/PPSK)</td>\r\n            </tr>\r\n            <tr>\r\n                <th scope=\"row\">BSSID</th>\r\n                <td>무선 라디오당 8개</td>\r\n            </tr>\r\n            <tr>\r\n                <th scope=\"row\">VLAN</th>\r\n                <td>802.1Q</td>\r\n            </tr>\r\n            <tr>\r\n                <th scope=\"row\">고급 QoS</th>\r\n                <td>사용자별 속도 제한</td>\r\n            </tr>\r\n            <tr>\r\n                <th scope=\"row\">게스트 트래픽 격리</th>\r\n                <td>지원됨</td>\r\n            </tr>\r\n            <tr>\r\n                <th scope=\"row\">동시 클라이언트</th>\r\n                <td>1,000+ 개</td>\r\n            </tr>\r\n            <tr>\r\n                <th scope=\"row\">특화 기능</th>\r\n                <td>\r\n                    <ul class=\"list-unstyled mb-0\">\r\n                        <li>고선택성 PRISM™ RF 필터링 기술</li>\r\n                        <li>전용 스펙트럼 분석 라디오</li>\r\n                    </ul>\r\n                </td>\r\n            </tr>\r\n        </tbody>\r\n    </table>\r\n    <h3 class=\"text-primary mb-4\">지원 데이터 속도</h3>\r\n    <table class=\"table table-bordered table-striped\">\r\n        <tbody>\r\n            <tr>\r\n                <th scope=\"row\">802.11a</th>\r\n                <td>6, 9, 12, 18, 24, 36, 48, 54 Mbps</td>\r\n            </tr>\r\n            <tr>\r\n                <th scope=\"row\">802.11b</th>\r\n                <td>1, 2, 5.5, 11 Mbps</td>\r\n            </tr>\r\n            <tr>\r\n                <th scope=\"row\">802.11g</th>\r\n                <td>6, 9, 12, 18, 24, 36, 48, 54 Mbps</td>\r\n            </tr>\r\n            <tr>\r\n                <th scope=\"row\">802.11n</th>\r\n                <td>6.5 Mbps ~ 600 Mbps (MCS0 - MCS31, HT 20/40)</td>\r\n            </tr>\r\n            <tr>\r\n                <th scope=\"row\">802.11ac</th>\r\n                <td>6.5 Mbps ~ 3.4 Gbps (MCS0 - MCS9 NSS1/2/3/4, VHT 20/40/80/160)</td>\r\n            </tr>\r\n            <tr>\r\n                <th scope=\"row\">802.11ax (WiFi 6)</th>\r\n                <td>7.3 Mbps ~ 4.8 Gbps (MCS0 - MCS11 NSS1/2/3/4, HE 20/40/80/160)</td>\r\n            </tr>\r\n            <tr>\r\n                <th scope=\"row\">802.11be (WiFi 7)</th>\r\n                <td>7.3 Mbps ~ 11.5 Gbps (MCS0 - MCS13 NSS1/2/3/4, EHT 20/40/80/160/240/320)</td>\r\n            </tr>\r\n        </tbody>\r\n    </table>\r\n</div>'),(17,'E7 Audience',2800000,'wifi','<div class=\"product-description mt-5\">\r\n    <h3 class=\"text-primary mb-4\">기계적 사양</h3>\r\n    <table class=\"table table-bordered table-striped\">\r\n        <tbody>\r\n            <tr>\r\n                <th scope=\"row\">크기</th>\r\n                <td>\r\n                    기기: 474.1 x 265.5 x 42.2 mm (18.7 x 10.5 x 1.7\")<br>\r\n                    브래킷: 150.4 x 113.6 x 125 mm (5.9 x 4.5 x 4.9\")\r\n                </td>\r\n            </tr>\r\n            <tr>\r\n                <th scope=\"row\">무게</th>\r\n                <td>\r\n                    마운트 제외: 3.3 kg (7.3 lb)<br>\r\n                    마운트 포함: 4.3 kg (9.5 lb)\r\n                </td>\r\n            </tr>\r\n            <tr>\r\n                <th scope=\"row\">재질</th>\r\n                <td>알루미늄 합금, UV 안정화 폴리카보네이트</td>\r\n            </tr>\r\n            <tr>\r\n                <th scope=\"row\">설치 재질</th>\r\n                <td>알루미늄 합금</td>\r\n            </tr>\r\n            <tr>\r\n                <th scope=\"row\">방수 등급</th>\r\n                <td>IP68</td>\r\n            </tr>\r\n            <tr>\r\n                <th scope=\"row\">풍속 내구성</th>\r\n                <td>164.75 N at 200 km/h (37 lbf at 125 mph)</td>\r\n            </tr>\r\n            <tr>\r\n                <th scope=\"row\">폴 마운트 직경</th>\r\n                <td>1~3\" (25~76 mm) 파이프 외경</td>\r\n            </tr>\r\n        </tbody>\r\n    </table>\r\n    <h3 class=\"text-primary mb-4\">하드웨어</h3>\r\n    <table class=\"table table-bordered table-striped\">\r\n        <tbody>\r\n            <tr>\r\n                <th scope=\"row\">네트워킹 인터페이스</th>\r\n                <td>\r\n                    <ul class=\"list-unstyled mb-0\">\r\n                        <li>(1) 10 GbE RJ45 포트</li>\r\n                        <li>(1) 1 GbE RJ45 포트</li>\r\n                    </ul>\r\n                </td>\r\n            </tr>\r\n            <tr>\r\n                <th scope=\"row\">관리 인터페이스</th>\r\n                <td>이더넷</td>\r\n            </tr>\r\n            <tr>\r\n                <th scope=\"row\">전원 방식</th>\r\n                <td>PoE++</td>\r\n            </tr>\r\n            <tr>\r\n                <th scope=\"row\">최대 전력 소비량</th>\r\n                <td>51W</td>\r\n            </tr>\r\n            <tr>\r\n                <th scope=\"row\">지원 전압 범위</th>\r\n                <td>42.5—57V DC</td>\r\n            </tr>\r\n            <tr>\r\n                <th scope=\"row\">최대 TX 출력</th>\r\n                <td>\r\n                    <ul class=\"list-unstyled mb-0\">\r\n                        <li>2.4 GHz: –</li>\r\n                        <li>5 GHz: 30 dBm</li>\r\n                        <li>6 GHz: 낮은/높은 대역: 30 dBm (36 dBm EIRP)*</li>\r\n                        <li><small>*6 GHz 확장 범위 모드 사용 시. FCC/IC 지역에서만 지원</small></li>\r\n                    </ul>\r\n                </td>\r\n            </tr>\r\n            <tr>\r\n                <th scope=\"row\">MIMO</th>\r\n                <td>\r\n                    <ul class=\"list-unstyled mb-0\">\r\n                        <li>2.4 GHz: –</li>\r\n                        <li>5 GHz: 4 x 4 (DL/UL MU-MIMO)</li>\r\n                        <li>6 GHz: 낮은/높은 대역: 4 x 4 (DL/UL MU-MIMO)</li>\r\n                    </ul>\r\n                </td>\r\n            </tr>\r\n            <tr>\r\n                <th scope=\"row\">최대 데이터 속도</th>\r\n                <td>\r\n                    <ul class=\"list-unstyled mb-0\">\r\n                        <li>2.4 GHz: –</li>\r\n                        <li>5 GHz: 8.6 Gbps (BW240)</li>\r\n                        <li>6 GHz: 낮은/높은 대역: 11.5 Gbps (BW320)</li>\r\n                    </ul>\r\n                </td>\r\n            </tr>\r\n            <tr>\r\n                <th scope=\"row\">안테나 이득</th>\r\n                <td>\r\n                    <ul class=\"list-unstyled mb-0\">\r\n                        <li>2.4 GHz: –</li>\r\n                        <li>5 GHz: 스몰셀: 15 dBi / 라지셀: 11 dBi</li>\r\n                        <li>6 GHz: 스몰셀: 15 dBi / 라지셀: 11 dBi</li>\r\n                    </ul>\r\n                </td>\r\n            </tr>\r\n            <tr>\r\n                <th scope=\"row\">안테나 빔폭</th>\r\n                <td>\r\n                    <ul class=\"list-unstyled mb-0\">\r\n                        <li>스몰셀: 50°</li>\r\n                        <li>라지셀: 90°</li>\r\n                    </ul>\r\n                </td>\r\n            </tr>\r\n            <tr>\r\n                <th scope=\"row\">안테나</th>\r\n                <td>내장형 지향성 패턴</td>\r\n            </tr>\r\n            <tr>\r\n                <th scope=\"row\">LED</th>\r\n                <td>R/G/B</td>\r\n            </tr>\r\n            <tr>\r\n                <th scope=\"row\">버튼</th>\r\n                <td>공장 초기화</td>\r\n            </tr>\r\n            <tr>\r\n                <th scope=\"row\">설치</th>\r\n                <td>VESA 호환 마운트, 폴/벽 (브래킷 포함)</td>\r\n            </tr>\r\n            <tr>\r\n                <th scope=\"row\">작동 온도</th>\r\n                <td>-40 ~ 60° C (-40 ~ 140° F)</td>\r\n            </tr>\r\n            <tr>\r\n                <th scope=\"row\">작동 습도</th>\r\n                <td>5 ~ 95% 비응축</td>\r\n            </tr>\r\n            <tr>\r\n                <th scope=\"row\">인증</th>\r\n                <td>FCC, IC</td>\r\n            </tr>\r\n        </tbody>\r\n    </table>\r\n    <h3 class=\"text-primary mb-4\">소프트웨어</h3>\r\n    <table class=\"table table-bordered table-striped\">\r\n        <tbody>\r\n            <tr>\r\n                <th scope=\"row\">WiFi 표준</th>\r\n                <td>802.11 a/b/g/n/ac/ax/be</td>\r\n            </tr>\r\n            <tr>\r\n                <th scope=\"row\">무선 보안</th>\r\n                <td>WPA-PSK, WPA-Enterprise (WPA/WPA2/WPA3/PPSK)</td>\r\n            </tr>\r\n            <tr>\r\n                <th scope=\"row\">VLAN</th>\r\n                <td>802.1Q</td>\r\n            </tr>\r\n            <tr>\r\n                <th scope=\"row\">고급 QoS</th>\r\n                <td>사용자별 속도 제한</td>\r\n            </tr>\r\n            <tr>\r\n                <th scope=\"row\">게스트 트래픽 격리</th>\r\n                <td>지원됨</td>\r\n            </tr>\r\n            <tr>\r\n                <th scope=\"row\">동시 클라이언트</th>\r\n                <td>1,500+ 개</td>\r\n            </tr>\r\n            <tr>\r\n                <th scope=\"row\">특화 기능</th>\r\n                <td>\r\n                    <ul class=\"list-unstyled mb-0\">\r\n                        <li>고선택성 PRISM™ RF 필터링 기술</li>\r\n                        <li>전용 스펙트럼 분석 라디오</li>\r\n                    </ul>\r\n                </td>\r\n            </tr>\r\n        </tbody>\r\n    </table>\r\n    <h3 class=\"text-primary mb-4\">지원 데이터 속도</h3>\r\n    <table class=\"table table-bordered table-striped\">\r\n        <tbody>\r\n            <tr>\r\n                <th scope=\"row\">802.11a</th>\r\n                <td>6, 9, 12, 18, 24, 36, 48, 54 Mbps</td>\r\n            </tr>\r\n            <tr>\r\n                <th scope=\"row\">802.11g</th>\r\n                <td>1, 2, 5.5, 11 Mbps</td>\r\n            </tr>\r\n            <tr>\r\n                <th scope=\"row\">802.11n</th>\r\n                <td>6.5 Mbps ~ 600 Mbps (MCS0 - MCS31, HT 20/40)</td>\r\n            </tr>\r\n            <tr>\r\n                <th scope=\"row\">802.11ac</th>\r\n                <td>6.5 Mbps ~ 3.4 Gbps (MCS0 - MCS9 NSS1/2/3/4, VHT 20/40/80/160)</td>\r\n            </tr>\r\n            <tr>\r\n                <th scope=\"row\">802.11ax</th>\r\n                <td>7.3 Mbps ~ 4.8 Gbps (MCS0 - MCS11 NSS1/2/3/4, HE 20/40/80/160)</td>\r\n            </tr>\r\n            <tr>\r\n                <th scope=\"row\">802.11be</th>\r\n                <td>7.3 Mbps ~ 11.5 Gbps (MCS0 - MCS13 NSS1/2/3/4, EHT 20/40/80/160/240/320)</td>\r\n            </tr>\r\n        </tbody>\r\n    </table>\r\n</div>'),(18,'Building Bridge',720000,'wifi','<div class=\"product-description mt-5\">\r\n    <h3 class=\"text-primary mb-4\">기계적 사양</h3>\r\n    <table class=\"table table-bordered table-striped\">\r\n        <tbody>\r\n            <tr>\r\n                <th scope=\"row\">크기</th>\r\n                <td>Ø191.8 x 59 mm (Ø7.6 x 2.3\")</td>\r\n            </tr>\r\n            <tr>\r\n                <th scope=\"row\">무게</th>\r\n                <td>\r\n                    마운트 제외: 1.7 kg (3.8 lb)<br>\r\n                    마운트 포함: 2.9 kg (6.3 lb)\r\n                </td>\r\n            </tr>\r\n            <tr>\r\n                <th scope=\"row\">재질</th>\r\n                <td>알루미늄 합금, UV 저항성 폴리카보네이트</td>\r\n            </tr>\r\n            <tr>\r\n                <th scope=\"row\">설치 재질</th>\r\n                <td>스테인리스 스틸</td>\r\n            </tr>\r\n            <tr>\r\n                <th scope=\"row\">폴 마운트 직경</th>\r\n                <td>1-2.5\" 파이프 외경</td>\r\n            </tr>\r\n            <tr>\r\n                <th scope=\"row\">방수 등급</th>\r\n                <td>IPX6</td>\r\n            </tr>\r\n        </tbody>\r\n    </table>\r\n    <h3 class=\"text-primary mb-4\">하드웨어</h3>\r\n    <table class=\"table table-bordered table-striped\">\r\n        <tbody>\r\n            <tr>\r\n                <th scope=\"row\">네트워킹 인터페이스</th>\r\n                <td>\r\n                    <ul class=\"list-unstyled mb-0\">\r\n                        <li>(1) GbE RJ45 포트</li>\r\n                        <li>(1) 1/10G SFP+ 포트</li>\r\n                    </ul>\r\n                </td>\r\n            </tr>\r\n            <tr>\r\n                <th scope=\"row\">관리 인터페이스</th>\r\n                <td>이더넷, 블루투스</td>\r\n            </tr>\r\n            <tr>\r\n                <th scope=\"row\">전원 방식</th>\r\n                <td>PoE++</td>\r\n            </tr>\r\n            <tr>\r\n                <th scope=\"row\">전원 공급</th>\r\n                <td>UniFi PoE 스위치, 48V, 0.65A 기가비트 PoE 어댑터 (포함됨)</td>\r\n            </tr>\r\n            <tr>\r\n                <th scope=\"row\">지원 전압 범위</th>\r\n                <td>48V DC ± 10%</td>\r\n            </tr>\r\n            <tr>\r\n                <th scope=\"row\">최대 전력 소비량</th>\r\n                <td>31.2W</td>\r\n            </tr>\r\n            <tr>\r\n                <th scope=\"row\">최대 TX 출력</th>\r\n                <td>\r\n                    <ul class=\"list-unstyled mb-0\">\r\n                        <li>2.4 GHz: –</li>\r\n                        <li>5 GHz: 23 dBm</li>\r\n                        <li>6 GHz: –</li>\r\n                        <li>60 GHz: 16 dBm</li>\r\n                    </ul>\r\n                </td>\r\n            </tr>\r\n            <tr>\r\n                <th scope=\"row\">MIMO</th>\r\n                <td>\r\n                    <ul class=\"list-unstyled mb-0\">\r\n                        <li>2.4 GHz: –</li>\r\n                        <li>5 GHz: 2 x 2</li>\r\n                        <li>6 GHz: –</li>\r\n                    </ul>\r\n                </td>\r\n            </tr>\r\n            <tr>\r\n                <th scope=\"row\">최대 데이터 속도</th>\r\n                <td>\r\n                    <ul class=\"list-unstyled mb-0\">\r\n                        <li>2.4 GHz: –</li>\r\n                        <li>5 GHz: 866.6 Mbps (BW80)</li>\r\n                        <li>60 GHz: 6 Gbps</li>\r\n                    </ul>\r\n                </td>\r\n            </tr>\r\n            <tr>\r\n                <th scope=\"row\">안테나 이득</th>\r\n                <td>\r\n                    <ul class=\"list-unstyled mb-0\">\r\n                        <li>2.4 GHz: –</li>\r\n                        <li>5 GHz: 14 dBi</li>\r\n                        <li>60 GHz: 21 dBi</li>\r\n                    </ul>\r\n                </td>\r\n            </tr>\r\n            <tr>\r\n                <th scope=\"row\">최대 범위</th>\r\n                <td>500 m (1,640 ft)</td>\r\n            </tr>\r\n            <tr>\r\n                <th scope=\"row\">LED</th>\r\n                <td>R/G/B</td>\r\n            </tr>\r\n            <tr>\r\n                <th scope=\"row\">버튼</th>\r\n                <td>공장 초기화</td>\r\n            </tr>\r\n            <tr>\r\n                <th scope=\"row\">설치</th>\r\n                <td>60G 정밀 정렬 폴 마운트 (포함됨)</td>\r\n            </tr>\r\n            <tr>\r\n                <th scope=\"row\">작동 온도</th>\r\n                <td>-40 ~ 55° C (-40 ~ 131° F)</td>\r\n            </tr>\r\n            <tr>\r\n                <th scope=\"row\">작동 습도</th>\r\n                <td>5 ~ 95% 비응축</td>\r\n            </tr>\r\n            <tr>\r\n                <th scope=\"row\">인증</th>\r\n                <td>FCC, IC, CE, Terragraph</td>\r\n            </tr>\r\n        </tbody>\r\n    </table>\r\n    <h3 class=\"text-primary mb-4\">소프트웨어</h3>\r\n    <table class=\"table table-bordered table-striped\">\r\n        <tbody>\r\n            <tr>\r\n                <th scope=\"row\">WiFi 표준</th>\r\n                <td>802.11a/b/g/n/ac</td>\r\n            </tr>\r\n            <tr>\r\n                <th scope=\"row\">무선 보안</th>\r\n                <td>WPA2 AES (항상 활성화)</td>\r\n            </tr>\r\n            <tr>\r\n                <th scope=\"row\">운영 모드</th>\r\n                <td>PtP</td>\r\n            </tr>\r\n            <tr>\r\n                <th scope=\"row\">VLAN</th>\r\n                <td>관리 VLAN만 지원</td>\r\n            </tr>\r\n            <tr>\r\n                <th scope=\"row\">운영 주파수*</th>\r\n                <td>57 ~ 66 GHz<br><small>*지역 규정에 따라 다름</small></td>\r\n            </tr>\r\n            <tr>\r\n                <th scope=\"row\">채널 대역폭</th>\r\n                <td>2,160/4,320 MHz (채널 바인딩 활성화)</td>\r\n            </tr>\r\n            <tr>\r\n                <th scope=\"row\">운영 채널*</th>\r\n                <td>58,320 / 59,400 / 60,480 / 61,560 / 62,640 / 63,720 / 64,800 MHz<br><small>*지역 규정에 따라 다름</small></td>\r\n            </tr>\r\n            <tr>\r\n                <th scope=\"row\">백업 RF</th>\r\n                <td>\r\n                    <ul class=\"list-unstyled mb-0\">\r\n                        <li>미국/캐나다: U-NII-1: 5,150 - 5,250 MHz, U-NII-2A: 5,250 - 5,350 MHz, U-NII-2C: 5,470 - 5,725 MHz, U-NII-3: 5,725 - 5,850 MHz</li>\r\n                        <li>전 세계: 5,150 - 5,725 MHz</li>\r\n                    </ul>\r\n                </td>\r\n            </tr>\r\n            <tr>\r\n                <th scope=\"row\">채널 대역폭</th>\r\n                <td>20/40/80 MHz</td>\r\n            </tr>\r\n        </tbody>\r\n    </table>\r\n    <h3 class=\"text-primary mb-4\">지원 데이터 속도</h3>\r\n    <table class=\"table table-bordered table-striped\">\r\n        <tbody>\r\n            <tr>\r\n                <th scope=\"row\">802.11a</th>\r\n                <td>6, 9, 12, 18, 24, 36, 48, 54 Mbps</td>\r\n            </tr>\r\n            <tr>\r\n                <th scope=\"row\">802.11b</th>\r\n                <td>1, 2, 5.5, 11 Mbps</td>\r\n            </tr>\r\n            <tr>\r\n                <th scope=\"row\">802.11g</th>\r\n                <td>6, 9, 12, 18, 24, 36, 48, 54 Mbps</td>\r\n            </tr>\r\n            <tr>\r\n                <th scope=\"row\">802.11n</th>\r\n                <td>6.5 Mbps ~ 300 Mbps (MCS0 - MCS15, HT 20/40)</td>\r\n            </tr>\r\n            <tr>\r\n                <th scope=\"row\">802.11ac</th>\r\n                <td>6.5 Mbps ~ 867 Mbps (MCS0 - MCS9 NSS1/2, VHT 20/40/80)</td>\r\n            </tr>\r\n        </tbody>\r\n    </table>\r\n</div>'),(19,'U6 Mesh',170000,'wifi','<div class=\"product-description mt-5\">\r\n    <h3 class=\"text-primary mb-4\">기계적 사양</h3>\r\n    <table class=\"table table-bordered table-striped\">\r\n        <tbody>\r\n            <tr>\r\n                <th scope=\"row\">크기</th>\r\n                <td>Ø48.5 x 159.5 mm (Ø1.9 x 6.3\")</td>\r\n            </tr>\r\n            <tr>\r\n                <th scope=\"row\">무게</th>\r\n                <td>400 g (14.1 oz)</td>\r\n            </tr>\r\n            <tr>\r\n                <th scope=\"row\">재질</th>\r\n                <td>폴리카보네이트, 알루미늄</td>\r\n            </tr>\r\n            <tr>\r\n                <th scope=\"row\">설치 재질</th>\r\n                <td>폴리카보네이트</td>\r\n            </tr>\r\n            <tr>\r\n                <th scope=\"row\">방수 등급</th>\r\n                <td>IPX5</td>\r\n            </tr>\r\n        </tbody>\r\n    </table>\r\n    <h3 class=\"text-primary mb-4\">하드웨어</h3>\r\n    <table class=\"table table-bordered table-striped\">\r\n        <tbody>\r\n            <tr>\r\n                <th scope=\"row\">네트워킹 인터페이스</th>\r\n                <td>(1) GbE RJ45 포트</td>\r\n            </tr>\r\n            <tr>\r\n                <th scope=\"row\">관리 인터페이스</th>\r\n                <td>이더넷, 블루투스</td>\r\n            </tr>\r\n            <tr>\r\n                <th scope=\"row\">전원 방식</th>\r\n                <td>PoE</td>\r\n            </tr>\r\n            <tr>\r\n                <th scope=\"row\">전원 공급</th>\r\n                <td>UniFi PoE 스위치, 48V, 0.32A PoE 어댑터 (포함됨)</td>\r\n            </tr>\r\n            <tr>\r\n                <th scope=\"row\">지원 전압 범위</th>\r\n                <td>44—57V DC</td>\r\n            </tr>\r\n            <tr>\r\n                <th scope=\"row\">최대 전력 소비량</th>\r\n                <td>13W</td>\r\n            </tr>\r\n            <tr>\r\n                <th scope=\"row\">최대 TX 출력</th>\r\n                <td>\r\n                    <ul class=\"list-unstyled mb-0\">\r\n                        <li>2.4 GHz: 22 dBm</li>\r\n                        <li>5 GHz: 26 dBm</li>\r\n                        <li>6 GHz: –</li>\r\n                    </ul>\r\n                </td>\r\n            </tr>\r\n            <tr>\r\n                <th scope=\"row\">MIMO</th>\r\n                <td>\r\n                    <ul class=\"list-unstyled mb-0\">\r\n                        <li>2.4 GHz: 2 x 2 (DL/UL MU-MIMO)</li>\r\n                        <li>5 GHz: 4 x 4 (DL/UL MU-MIMO)</li>\r\n                        <li>6 GHz: –</li>\r\n                    </ul>\r\n                </td>\r\n            </tr>\r\n            <tr>\r\n                <th scope=\"row\">최대 데이터 속도</th>\r\n                <td>\r\n                    <ul class=\"list-unstyled mb-0\">\r\n                        <li>2.4 GHz: 573.5 Mbps (BW40)</li>\r\n                        <li>5 GHz: 4.8 Gbps (BW160)</li>\r\n                        <li>6 GHz: –</li>\r\n                    </ul>\r\n                </td>\r\n            </tr>\r\n            <tr>\r\n                <th scope=\"row\">안테나 이득</th>\r\n                <td>\r\n                    <ul class=\"list-unstyled mb-0\">\r\n                        <li>2.4 GHz: 3 dBi</li>\r\n                        <li>5 GHz: 5 dBi</li>\r\n                        <li>6 GHz: –</li>\r\n                    </ul>\r\n                </td>\r\n            </tr>\r\n            <tr>\r\n                <th scope=\"row\">LED</th>\r\n                <td>흰색/파란색</td>\r\n            </tr>\r\n            <tr>\r\n                <th scope=\"row\">버튼</th>\r\n                <td>공장 초기화</td>\r\n            </tr>\r\n            <tr>\r\n                <th scope=\"row\">설치</th>\r\n                <td>벽, 데스크탑, 폴 (포함됨), 천장 (선택사항)</td>\r\n            </tr>\r\n            <tr>\r\n                <th scope=\"row\">작동 온도</th>\r\n                <td>-30 ~ 60° C (-22 ~ 140° F)</td>\r\n            </tr>\r\n            <tr>\r\n                <th scope=\"row\">작동 습도</th>\r\n                <td>5 ~ 95% 비응축</td>\r\n            </tr>\r\n            <tr>\r\n                <th scope=\"row\">인증</th>\r\n                <td>CE, FCC, IC</td>\r\n            </tr>\r\n        </tbody>\r\n    </table>\r\n    <h3 class=\"text-primary mb-4\">소프트웨어</h3>\r\n    <table class=\"table table-bordered table-striped\">\r\n        <tbody>\r\n            <tr>\r\n                <th scope=\"row\">WiFi 표준</th>\r\n                <td>802.11a/b/g/n/ac/ax (WiFi 6)</td>\r\n            </tr>\r\n            <tr>\r\n                <th scope=\"row\">무선 보안</th>\r\n                <td>WPA-PSK, WPA-Enterprise (WPA/WPA2/WPA3)</td>\r\n            </tr>\r\n            <tr>\r\n                <th scope=\"row\">BSSID</th>\r\n                <td>무선 라디오당 8개</td>\r\n            </tr>\r\n            <tr>\r\n                <th scope=\"row\">VLAN</th>\r\n                <td>802.1Q</td>\r\n            </tr>\r\n            <tr>\r\n                <th scope=\"row\">고급 QoS</th>\r\n                <td>사용자별 속도 제한</td>\r\n            </tr>\r\n            <tr>\r\n                <th scope=\"row\">게스트 트래픽 격리</th>\r\n                <td>지원됨</td>\r\n            </tr>\r\n            <tr>\r\n                <th scope=\"row\">동시 클라이언트</th>\r\n                <td>300+ 개</td>\r\n            </tr>\r\n            <tr>\r\n                <th scope=\"row\">Zero Wait DFS</th>\r\n                <td>지원 (향후 펌웨어 버전에서 추가 예정)</td>\r\n            </tr>\r\n        </tbody>\r\n    </table>\r\n    <h3 class=\"text-primary mb-4\">지원 데이터 속도</h3>\r\n    <table class=\"table table-bordered table-striped\">\r\n        <tbody>\r\n            <tr>\r\n                <th scope=\"row\">802.11a</th>\r\n                <td>6, 9, 12, 18, 24, 36, 48, 54 Mbps</td>\r\n            </tr>\r\n            <tr>\r\n                <th scope=\"row\">802.11b</th>\r\n                <td>1, 2, 5.5, 11 Mbps</td>\r\n            </tr>\r\n            <tr>\r\n                <th scope=\"row\">802.11g</th>\r\n                <td>6, 9, 12, 18, 24, 36, 48, 54 Mbps</td>\r\n            </tr>\r\n            <tr>\r\n                <th scope=\"row\">802.11n</th>\r\n                <td>6.5 Mbps ~ 600 Mbps (MCS0 - MCS31, HT 20/40)</td>\r\n            </tr>\r\n            <tr>\r\n                <th scope=\"row\">802.11ac</th>\r\n                <td>6.5 Mbps ~ 3.4 Gbps (MCS0 - MCS9 NSS1/2/3/4, VHT 20/40/80/160)</td>\r\n            </tr>\r\n            <tr>\r\n                <th scope=\"row\">802.11ax (WiFi 6)</th>\r\n                <td>7.3 Mbps ~ 4.8 Gbps (MCS0 - MCS11 NSS1/2/3/4, HE 20/40/80/160)</td>\r\n            </tr>\r\n        </tbody>\r\n    </table>\r\n    <h3 class=\"text-primary mb-4\">애플리케이션 요구사항</h3>\r\n    <table class=\"table table-bordered table-striped\">\r\n        <tbody>\r\n            <tr>\r\n                <th scope=\"row\">UniFi Network</th>\r\n                <td>버전 6.2.51 이상</td>\r\n            </tr>\r\n        </tbody>\r\n    </table>\r\n</div>'),(20,'UniFi Patch Cable',2500,'accessories','<div class=\"product-description mt-5\">\r\n    <h3 class=\"text-primary mb-4\">케이블 사양</h3>\r\n    <table class=\"table table-bordered table-striped\">\r\n        <tbody>\r\n            <tr>\r\n                <th scope=\"row\">케이블 길이</th>\r\n                <td>\r\n                    0.1 / 0.3 / 1 / 2 / 3 / 5 / 8 m<br>\r\n                    (0.3 / 1 / 3.3 / 6.6 / 9.9 / 16.4 / 26.3 ft)\r\n                </td>\r\n            </tr>\r\n            <tr>\r\n                <th scope=\"row\">케이블 색상</th>\r\n                <td>\r\n                    <ul class=\"list-unstyled mb-0\">\r\n                        <li>흰색 (White)</li>\r\n                        <li>파란색 (Blue)</li>\r\n                        <li>검은색 (Black)</li>\r\n                    </ul>\r\n                </td>\r\n            </tr>\r\n            <tr>\r\n                <th scope=\"row\">재킷 직경</th>\r\n                <td>3 mm (0.1\")</td>\r\n            </tr>\r\n            <tr>\r\n                <th scope=\"row\">케이블 유형</th>\r\n                <td>카테고리 6 (Category 6)</td>\r\n            </tr>\r\n            <tr>\r\n                <th scope=\"row\">커넥터</th>\r\n                <td>(2) 굽을 수 있는 부츠형 RJ45 (Bendable booted RJ45)</td>\r\n            </tr>\r\n            <tr>\r\n                <th scope=\"row\">환경</th>\r\n                <td>실내 (Indoor)</td>\r\n            </tr>\r\n            <tr>\r\n                <th scope=\"row\">표준</th>\r\n                <td>TIA-568-B.2</td>\r\n            </tr>\r\n        </tbody>\r\n    </table>\r\n</div>'),(21,'UniFi Outdoor Patch Cable',6000,'accessories','<div class=\"product-description mt-5\">\r\n    <h3 class=\"text-primary mb-4\">케이블 사양</h3>\r\n    <table class=\"table table-bordered table-striped\">\r\n        <tbody>\r\n            <tr>\r\n                <th scope=\"row\">무게</th>\r\n                <td>60 / 90 / 125 / 200 / 315 g (2.12 / 3.17 / 4.41 / 7.05 / 11.11 oz)</td>\r\n            </tr>\r\n            <tr>\r\n                <th scope=\"row\">케이블 길이</th>\r\n                <td>1 / 2 / 3 / 5 / 8 m (3.28 / 6.56 / 9.84 / 16.40 / 26.25 ft)</td>\r\n            </tr>\r\n            <tr>\r\n                <th scope=\"row\">케이블 색상</th>\r\n                <td>흰색 (White)</td>\r\n            </tr>\r\n            <tr>\r\n                <th scope=\"row\">케이블 유형</th>\r\n                <td>카테고리 5e (Category 5e)</td>\r\n            </tr>\r\n            <tr>\r\n                <th scope=\"row\">차폐 유형</th>\r\n                <td>STP (Shielded Twisted Pair)</td>\r\n            </tr>\r\n            <tr>\r\n                <th scope=\"row\">난연 등급</th>\r\n                <td>VW-1 (UL1581)</td>\r\n            </tr>\r\n            <tr>\r\n                <th scope=\"row\">UV 저항성</th>\r\n                <td>ASTM G 151/154</td>\r\n            </tr>\r\n            <tr>\r\n                <th scope=\"row\">도체 와이어 게이지</th>\r\n                <td>24 AWG</td>\r\n            </tr>\r\n            <tr>\r\n                <th scope=\"row\">도체 유형</th>\r\n                <td>연선 구리 (Stranded copper)</td>\r\n            </tr>\r\n            <tr>\r\n                <th scope=\"row\">재킷 소재</th>\r\n                <td>열가소성 엘라스토머 (Thermoplastic elastomer, TPE)</td>\r\n            </tr>\r\n            <tr>\r\n                <th scope=\"row\">재킷 직경</th>\r\n                <td>6.3 mm (0.25\")</td>\r\n            </tr>\r\n            <tr>\r\n                <th scope=\"row\">최소 굴곡 반경</th>\r\n                <td>24 mm (0.94\")</td>\r\n            </tr>\r\n            <tr>\r\n                <th scope=\"row\">보관 온도</th>\r\n                <td>-30 ~ 75°C (-22 ~ 167°F)</td>\r\n            </tr>\r\n            <tr>\r\n                <th scope=\"row\">설치 온도</th>\r\n                <td>-20 ~ 60°C (-4 ~ 140°F)</td>\r\n            </tr>\r\n            <tr>\r\n                <th scope=\"row\">작동 온도</th>\r\n                <td>-40 ~ 80°C (-40 ~ 176°F)</td>\r\n            </tr>\r\n            <tr>\r\n                <th scope=\"row\">반혼선 방지 분리기</th>\r\n                <td>없음 (No)</td>\r\n            </tr>\r\n            <tr>\r\n                <th scope=\"row\">표준</th>\r\n                <td>\r\n                    <ul class=\"list-unstyled mb-0\">\r\n                        <li>TIA/EIA-568-B.2</li>\r\n                        <li>ISO/IEC 11801</li>\r\n                    </ul>\r\n                </td>\r\n            </tr>\r\n        </tbody>\r\n    </table>\r\n</div>'),(22,'UniFi Enterprise Patch Cable',6500,'accessories','<div class=\"product-description mt-5\">\r\n    <h3 class=\"text-primary mb-4\">케이블 사양</h3>\r\n    <table class=\"table table-bordered table-striped\">\r\n        <tbody>\r\n            <tr>\r\n                <th scope=\"row\">케이블 길이</th>\r\n                <td>\r\n                    0.15, 0.3, 1, 2, 3, 5, 8, 12, 15 m (끝단 간 거리)<br>\r\n                    (0.5, 1, 3.3, 6.6, 9.8, 16.4, 26.2, 39.8, 49.2 ft)\r\n                </td>\r\n            </tr>\r\n            <tr>\r\n                <th scope=\"row\">케이블 색상</th>\r\n                <td>흰색 (White)</td>\r\n            </tr>\r\n            <tr>\r\n                <th scope=\"row\">재킷 직경</th>\r\n                <td>\r\n                    <ul class=\"list-unstyled mb-0\">\r\n                        <li>0.15-8 m: 3 mm (0.11\")</li>\r\n                        <li>12-15 m: 3.3 mm (0.13\")</li>\r\n                    </ul>\r\n                </td>\r\n            </tr>\r\n            <tr>\r\n                <th scope=\"row\">케이블 재킷</th>\r\n                <td>꼬임 방지 브레이드 (Braided)</td>\r\n            </tr>\r\n            <tr>\r\n                <th scope=\"row\">케이블 유형</th>\r\n                <td>카테고리 6A (Category 6A)</td>\r\n            </tr>\r\n            <tr>\r\n                <th scope=\"row\">커넥터</th>\r\n                <td>(2) 투명 부츠형 및 차폐 RJ45</td>\r\n            </tr>\r\n            <tr>\r\n                <th scope=\"row\">지원 데이터 속도</th>\r\n                <td>최대 10 GbE</td>\r\n            </tr>\r\n            <tr>\r\n                <th scope=\"row\">지원 PoE 유형</th>\r\n                <td>PoE++</td>\r\n            </tr>\r\n            <tr>\r\n                <th scope=\"row\">환경</th>\r\n                <td>실내 (Indoor)</td>\r\n            </tr>\r\n            <tr>\r\n                <th scope=\"row\">표준</th>\r\n                <td>TIA-586-B.2</td>\r\n            </tr>\r\n            <tr>\r\n                <th scope=\"row\">난연 등급</th>\r\n                <td>VW-1 (UL1581)</td>\r\n            </tr>\r\n            <tr>\r\n                <th scope=\"row\">포장 유형</th>\r\n                <td>\r\n                    <ul class=\"list-unstyled mb-0\">\r\n                        <li>단일 유닛 (Single unit)</li>\r\n                        <li>24팩 (0.15 m)</li>\r\n                    </ul>\r\n                </td>\r\n            </tr>\r\n        </tbody>\r\n    </table>\r\n</div>'),(23,'Long-Range Ethernet Repeater',45000,'accessories','<div class=\"product-description mt-5\">\r\n    <h3 class=\"text-primary mb-4\">기계적 사양</h3>\r\n    <table class=\"table table-bordered table-striped\">\r\n        <tbody>\r\n            <tr>\r\n                <th scope=\"row\">크기</th>\r\n                <td>196.5 x 93.5 x 39 mm (7.7 x 3.7 x 1.5\")</td>\r\n            </tr>\r\n            <tr>\r\n                <th scope=\"row\">무게</th>\r\n                <td>350 g (12.3 oz)</td>\r\n            </tr>\r\n            <tr>\r\n                <th scope=\"row\">재질</th>\r\n                <td>UV 안정화 폴리카보네이트</td>\r\n            </tr>\r\n            <tr>\r\n                <th scope=\"row\">설치 재질</th>\r\n                <td>스테인리스 스틸</td>\r\n            </tr>\r\n            <tr>\r\n                <th scope=\"row\">방수 등급</th>\r\n                <td>IPX5</td>\r\n            </tr>\r\n        </tbody>\r\n    </table>\r\n    <h3 class=\"text-primary mb-4\">하드웨어</h3>\r\n    <table class=\"table table-bordered table-striped\">\r\n        <tbody>\r\n            <tr>\r\n                <th scope=\"row\">네트워킹 인터페이스</th>\r\n                <td>(2) 기가비트 이더넷 RJ45 포트</td>\r\n            </tr>\r\n            <tr>\r\n                <th scope=\"row\">PoE 인터페이스</th>\r\n                <td>(1) PoE 패스스루 출력 (2-페어, 핀 1,2+; 3,6-)</td>\r\n            </tr>\r\n            <tr>\r\n                <th scope=\"row\">총 비차단 라인 속도</th>\r\n                <td>2 Gbps</td>\r\n            </tr>\r\n            <tr>\r\n                <th scope=\"row\">스위칭 용량</th>\r\n                <td>4 Gbps</td>\r\n            </tr>\r\n            <tr>\r\n                <th scope=\"row\">포워딩 속도</th>\r\n                <td>1.488 Mpps</td>\r\n            </tr>\r\n            <tr>\r\n                <th scope=\"row\">전원 방식</th>\r\n                <td>PoE/PoE+ 2-페어 (핀 1,2+; 3,6-)</td>\r\n            </tr>\r\n            <tr>\r\n                <th scope=\"row\">전원 공급</th>\r\n                <td>UniFi PoE 스위치</td>\r\n            </tr>\r\n            <tr>\r\n                <th scope=\"row\">최대 전력 소비량</th>\r\n                <td>1.5W (PoE 출력 제외)</td>\r\n            </tr>\r\n            <tr>\r\n                <th scope=\"row\">총 사용 가능한 PoE</th>\r\n                <td>22.5W</td>\r\n            </tr>\r\n            <tr>\r\n                <th scope=\"row\">PoE 모드 전압 범위</th>\r\n                <td>37—57V DC</td>\r\n            </tr>\r\n            <tr>\r\n                <th scope=\"row\">ESD/EMP 보호</th>\r\n                <td>공기/접촉: ± 30kV</td>\r\n            </tr>\r\n            <tr>\r\n                <th scope=\"row\">DC 스파크오버 전압</th>\r\n                <td>90V at 100V/s</td>\r\n            </tr>\r\n            <tr>\r\n                <th scope=\"row\">최대 임펄스 스파크오버 전압</th>\r\n                <td>700V at 1kV/μs</td>\r\n            </tr>\r\n            <tr>\r\n                <th scope=\"row\">방전 전류</th>\r\n                <td>10kA+</td>\r\n            </tr>\r\n            <tr>\r\n                <th scope=\"row\">최대 MTU</th>\r\n                <td>1,500 바이트</td>\r\n            </tr>\r\n            <tr>\r\n                <th scope=\"row\">작동 온도</th>\r\n                <td>-40 ~ 80°C (-40 ~ 176°F)</td>\r\n            </tr>\r\n            <tr>\r\n                <th scope=\"row\">작동 습도</th>\r\n                <td>10 ~ 95% 비응축</td>\r\n            </tr>\r\n            <tr>\r\n                <th scope=\"row\">인증</th>\r\n                <td>CE, FCC, IC</td>\r\n            </tr>\r\n        </tbody>\r\n    </table>\r\n    <h3 class=\"text-primary mb-4\">LED</h3>\r\n    <table class=\"table table-bordered table-striped\">\r\n        <tbody>\r\n            <tr>\r\n                <th scope=\"row\">시스템</th>\r\n                <td>파란색: 전원 ON</td>\r\n            </tr>\r\n            <tr>\r\n                <th scope=\"row\">이더넷</th>\r\n                <td>\r\n                    <ul class=\"list-unstyled mb-0\">\r\n                        <li>녹색: 1 Gbps</li>\r\n                        <li>호박색: 10/100 Mbps</li>\r\n                    </ul>\r\n                </td>\r\n            </tr>\r\n            <tr>\r\n                <th scope=\"row\">PoE</th>\r\n                <td>호박색: PoE 패스스루 출력</td>\r\n            </tr>\r\n        </tbody>\r\n    </table>\r\n</div>');
/*!40000 ALTER TABLE `products` ENABLE KEYS */;
UNLOCK TABLES;

--
-- Table structure for table `users`
--

DROP TABLE IF EXISTS `users`;
/*!40101 SET @saved_cs_client     = @@character_set_client */;
/*!50503 SET character_set_client = utf8mb4 */;
CREATE TABLE `users` (
  `uid` int NOT NULL AUTO_INCREMENT,
  `id` varchar(30) NOT NULL,
  `pw` varchar(255) NOT NULL,
  `name` varchar(10) NOT NULL,
  `email` varchar(50) NOT NULL,
  `phone` varchar(20) NOT NULL,
  `address` varchar(255) DEFAULT NULL,
  `point` int DEFAULT '0',
  `is_active` tinyint(1) DEFAULT '1',
  `is_admin` tinyint(1) DEFAULT '0',
  PRIMARY KEY (`uid`),
  UNIQUE KEY `id` (`id`),
  UNIQUE KEY `email` (`email`),
  UNIQUE KEY `phone` (`phone`)
) ENGINE=InnoDB AUTO_INCREMENT=4 DEFAULT CHARSET=utf8mb3;
/*!40101 SET character_set_client = @saved_cs_client */;

--
-- Dumping data for table `users`
--

LOCK TABLES `users` WRITE;
/*!40000 ALTER TABLE `users` DISABLE KEYS */;
INSERT INTO `users` VALUES (1,'cg1119','b1bc0c3bbb171091198a2914de105c65bda0617cb28919ad03e16501e4d48463','이동민','nexen13@naver.com','01080114776',NULL,0,1,1),(2,'nexen13','b1bc0c3bbb171091198a2914de105c65bda0617cb28919ad03e16501e4d48463','이동민','nexen13@gmail.com','01080114777','경남 창원시 의창구 창원대학로 20',34000,1,0),(3,'power1','b1bc0c3bbb171091198a2914de105c65bda0617cb28919ad03e16501e4d48463','이동민','nexn13@daum.net','01080118888','경남 창원시 의창구 창원대학로 20',18420,1,0);
/*!40000 ALTER TABLE `users` ENABLE KEYS */;
UNLOCK TABLES;

--
-- Table structure for table `wishlist`
--

DROP TABLE IF EXISTS `wishlist`;
/*!40101 SET @saved_cs_client     = @@character_set_client */;
/*!50503 SET character_set_client = utf8mb4 */;
CREATE TABLE `wishlist` (
  `id` int NOT NULL AUTO_INCREMENT,
  `user_id` int NOT NULL,
  `product_id` int NOT NULL,
  `created_at` datetime DEFAULT CURRENT_TIMESTAMP,
  PRIMARY KEY (`id`),
  UNIQUE KEY `user_id` (`user_id`,`product_id`),
  KEY `product_id` (`product_id`),
  CONSTRAINT `wishlist_ibfk_1` FOREIGN KEY (`user_id`) REFERENCES `users` (`uid`) ON DELETE CASCADE,
  CONSTRAINT `wishlist_ibfk_2` FOREIGN KEY (`product_id`) REFERENCES `products` (`id`) ON DELETE CASCADE
) ENGINE=InnoDB AUTO_INCREMENT=4 DEFAULT CHARSET=utf8mb4 COLLATE=utf8mb4_0900_ai_ci;
/*!40101 SET character_set_client = @saved_cs_client */;

--
-- Dumping data for table `wishlist`
--

LOCK TABLES `wishlist` WRITE;
/*!40000 ALTER TABLE `wishlist` DISABLE KEYS */;
INSERT INTO `wishlist` VALUES (2,3,2,'2024-12-08 14:08:15'),(3,2,2,'2024-12-08 23:53:18');
/*!40000 ALTER TABLE `wishlist` ENABLE KEYS */;
UNLOCK TABLES;
/*!40103 SET TIME_ZONE=@OLD_TIME_ZONE */;

/*!40101 SET SQL_MODE=@OLD_SQL_MODE */;
/*!40014 SET FOREIGN_KEY_CHECKS=@OLD_FOREIGN_KEY_CHECKS */;
/*!40014 SET UNIQUE_CHECKS=@OLD_UNIQUE_CHECKS */;
/*!40101 SET CHARACTER_SET_CLIENT=@OLD_CHARACTER_SET_CLIENT */;
/*!40101 SET CHARACTER_SET_RESULTS=@OLD_CHARACTER_SET_RESULTS */;
/*!40101 SET COLLATION_CONNECTION=@OLD_COLLATION_CONNECTION */;
/*!40111 SET SQL_NOTES=@OLD_SQL_NOTES */;

-- Dump completed on 2024-12-14 23:20:21
